{
  "Diameter": 21.0,
  "Avg_Distance": 8.469104308390023,
  "Degree": 3.0,
  "Avg_Connectivity": 2.261904761904762
}