{
  "QFT": {
    "duration": {
      "8": 57.99999999999999,
      "16": 121.99999999999999,
      "24": 185.99999999999997
    },
    "gate_count": {
      "8": {
        "cx": 68,
        "sx": 170,
        "rz": 294,
        "x": 45
      },
      "16": {
        "cx": 262,
        "rz": 1132,
        "sx": 629,
        "x": 194
      },
      "24": {
        "cx": 498,
        "rz": 2172,
        "sx": 1205,
        "x": 371
      }
    },
    "gate_count_crit": {},
    "layout_score": {
      "8": 0.0,
      "16": 0.0,
      "24": 0.0
    }
  },
  "Quantum_Volume": {
    "duration": {
      "8": 23.999999999999996,
      "16": 23.999999999999996,
      "24": 23.999999999999996
    },
    "gate_count": {
      "8": {
        "cx": 48,
        "sx": 208,
        "rz": 296
      },
      "16": {
        "cx": 96,
        "sx": 416,
        "rz": 592
      },
      "24": {
        "cx": 138,
        "sx": 600,
        "rz": 854
      }
    },
    "gate_count_crit": {},
    "layout_score": {
      "8": 0.0,
      "16": 0.0,
      "24": 0.0
    }
  },
  "TIM_Hamiltonian": {
    "duration": {
      "8": 60.000003551999995,
      "16": 92.00000355199998,
      "24": 124.00000355199998
    },
    "gate_count": {
      "8": {
        "measure": 8,
        "cx": 70,
        "sx": 214,
        "rz": 331,
        "x": 38
      },
      "16": {
        "measure": 16,
        "cx": 150,
        "rz": 722,
        "sx": 480,
        "x": 76
      },
      "24": {
        "measure": 24,
        "cx": 230,
        "rz": 1106,
        "sx": 736,
        "x": 116
      }
    },
    "gate_count_crit": {},
    "layout_score": {
      "8": 0.0,
      "16": 0.0,
      "24": 0.0
    }
  },
  "QAOA_Vanilla": {
    "duration": {
      "8": 60.000003551999995,
      "16": 148.00000355199998,
      "24": 284.00000355199995
    },
    "gate_count": {
      "8": {
        "measure": 8,
        "cx": 56,
        "rz": 231,
        "sx": 129,
        "x": 43
      },
      "16": {
        "measure": 16,
        "cx": 240,
        "rz": 909,
        "sx": 509,
        "x": 194
      },
      "24": {
        "measure": 24,
        "cx": 552,
        "rz": 1981,
        "sx": 1072,
        "x": 461
      }
    },
    "gate_count_crit": {},
    "layout_score": {
      "8": 0.0,
      "16": 0.0,
      "24": 0.0
    }
  }
}