{
  "QFT": {
    "duration": {
      "8": 28.999999999999996,
      "16": 60.99999999999999,
      "24": 92.99999999999999
    },
    "gate_count": {
      "8": {
        "riswap": 68,
        "sx": 225,
        "rz": 335
      },
      "16": {
        "riswap": 264,
        "rz": 1270,
        "sx": 837
      },
      "24": {
        "riswap": 588,
        "rz": 2846,
        "sx": 1837
      }
    },
    "gate_count_crit": {},
    "layout_score": {
      "8": 0.0,
      "16": 0.0,
      "24": 0.0
    }
  },
  "Quantum_Volume": {
    "duration": {
      "8": 8.999999999999998,
      "16": 9.999999999999998,
      "24": 8.999999999999998
    },
    "gate_count": {
      "8": {
        "riswap": 33,
        "rz": 222,
        "sx": 148
      },
      "16": {
        "riswap": 67,
        "rz": 450,
        "sx": 300
      },
      "24": {
        "riswap": 94,
        "sx": 424,
        "rz": 636
      }
    },
    "gate_count_crit": {},
    "layout_score": {
      "8": 0.0,
      "16": 0.0,
      "24": 0.0
    }
  },
  "TIM_Hamiltonian": {
    "duration": {
      "8": 30.000003551999995,
      "16": 46.000003551999995,
      "24": 62.000003551999995
    },
    "gate_count": {
      "8": {
        "measure": 8,
        "riswap": 70,
        "rz": 366,
        "sx": 219
      },
      "16": {
        "measure": 16,
        "riswap": 150,
        "rz": 782,
        "sx": 467
      },
      "24": {
        "measure": 24,
        "riswap": 230,
        "sx": 715,
        "rz": 1198
      }
    },
    "gate_count_crit": {},
    "layout_score": {
      "8": 0.0,
      "16": 0.0,
      "24": 0.0
    }
  },
  "QAOA_Vanilla": {
    "duration": {
      "8": 30.000003551999995,
      "16": 74.00000355199998,
      "24": 142.00000355199998
    },
    "gate_count": {
      "8": {
        "measure": 8,
        "riswap": 56,
        "rz": 283,
        "sx": 184
      },
      "16": {
        "measure": 16,
        "riswap": 240,
        "sx": 742,
        "rz": 1149,
        "x": 3
      },
      "24": {
        "measure": 24,
        "riswap": 552,
        "sx": 1674,
        "rz": 2562,
        "x": 10
      }
    },
    "gate_count_crit": {},
    "layout_score": {
      "8": 0.0,
      "16": 0.0,
      "24": 0.0
    }
  }
}