{
  "Diameter": 17.0,
  "Avg_Distance": 6.257936507936508,
  "Degree": 4.0,
  "Avg_Connectivity": 3.5476190476190474
}