{
  "TIM_Hamiltonian": {
    "duration": {
      "4": 42.000003551999995,
      "3": 40.000003551999995,
      "2": 2.000003552,
      "6": 57.000003551999995,
      "12": 277.00000355199995,
      "1": 3.5519999999999996e-06,
      "14": 447.00000355199995,
      "7": 64.000003552
    },
    "gate_count": {
      "4": {
        "measure": 4,
        "riswap": 60,
        "rz": 306,
        "sx": 183,
        "x": 2
      },
      "3": {
        "measure": 3,
        "riswap": 40,
        "sx": 123,
        "rz": 205,
        "x": 1
      },
      "2": {
        "measure": 2,
        "riswap": 2,
        "rz": 18,
        "sx": 12
      },
      "6": {
        "measure": 6,
        "riswap": 109,
        "sx": 335,
        "rz": 551,
        "x": 2
      },
      "12": {
        "measure": 12,
        "riswap": 415,
        "sx": 1261,
        "rz": 2075,
        "x": 10
      },
      "1": {
        "rz": 3,
        "sx": 2,
        "measure": 1
      },
      "14": {
        "measure": 14,
        "riswap": 494,
        "sx": 1545,
        "rz": 2522,
        "x": 21
      },
      "7": {
        "measure": 7,
        "riswap": 138,
        "rz": 686,
        "sx": 418,
        "x": 4
      }
    },
    "gate_count_crit": {
      "4": null,
      "3": null
    },
    "layout_score": {
      "4": 0.0,
      "3": 0.0,
      "2": 0.0,
      "6": 20.0,
      "12": 120.0,
      "1": 0.0,
      "14": 320.0,
      "7": 80.0
    }
  },
  "Diameter": 9.0,
  "Avg_Distance": 5.808956916099773,
  "Degree": 7.0
}