{
  "QAOA_Vanilla": {
    "duration": {
      "8": 66.00000355199998,
      "16": 495.00000355199995,
      "24": 1163.0000035519997,
      "32": 2793.0000035519997,
      "48": 7638.000003551999,
      "64": 15519.000003551999,
      "80": 26660.000003551995
    },
    "gate_count": {
      "8": {
        "measure": 8,
        "riswap": 94,
        "sx": 253,
        "rz": 435,
        "x": 11
      },
      "16": {
        "measure": 16,
        "riswap": 657,
        "sx": 1865,
        "rz": 3133,
        "x": 36
      },
      "24": {
        "measure": 24,
        "riswap": 1825,
        "rz": 8761,
        "sx": 5302,
        "x": 97
      },
      "32": {
        "measure": 32,
        "riswap": 4572,
        "sx": 13909,
        "rz": 22525,
        "x": 198
      },
      "48": {
        "measure": 48,
        "riswap": 13556,
        "rz": 67792,
        "sx": 42384,
        "x": 380
      },
      "64": {
        "measure": 64,
        "riswap": 29613,
        "sx": 93557,
        "rz": 149077,
        "x": 840
      },
      "80": {
        "measure": 80,
        "riswap": 50791,
        "rz": 255973,
        "sx": 160984,
        "x": 1452
      }
    },
    "gate_count_crit": {},
    "layout_score": {
      "8": 26.0,
      "16": 282.0,
      "24": 872.0,
      "32": 2396.0,
      "48": 7592.0,
      "64": 16968.0,
      "80": 30248.0
    }
  }
}