{
  "QAOA_Vanilla": {
    "duration": {
      "8": 98.00000710399998,
      "16": 538.0000035519998,
      "24": 1344.0000035519997,
      "32": 2357.000007104,
      "48": 5601.000003551999,
      "64": 10041.000003551999,
      "80": 15679.000003551999
    },
    "gate_count": {
      "8": {
        "measure": 8,
        "riswap": 171,
        "rz": 905,
        "sx": 566,
        "x": 4
      },
      "16": {
        "measure": 16,
        "riswap": 1340,
        "rz": 7064,
        "sx": 4463,
        "x": 35
      },
      "24": {
        "measure": 24,
        "riswap": 3511,
        "rz": 18551,
        "sx": 11732,
        "x": 74
      },
      "32": {
        "measure": 32,
        "riswap": 7389,
        "sx": 24592,
        "rz": 38845,
        "x": 183
      },
      "48": {
        "measure": 48,
        "riswap": 21841,
        "sx": 72806,
        "rz": 114734,
        "x": 475
      },
      "64": {
        "measure": 64,
        "riswap": 46798,
        "rz": 245636,
        "sx": 155896,
        "x": 972
      },
      "80": {
        "measure": 80,
        "riswap": 79794,
        "rz": 418450,
        "sx": 265632,
        "x": 1619
      }
    },
    "gate_count_crit": {},
    "layout_score": {
      "8": 24.0,
      "16": 336.0,
      "24": 944.0,
      "32": 2396.0,
      "48": 7592.0,
      "64": 16968.0,
      "80": 30248.0
    }
  },
  "TIM_Hamiltonian": {
    "duration": {
      "8": 50.000003551999995,
      "16": 433.000010656,
      "24": 690.0000142079997,
      "32": 915.0000071039998,
      "48": 1394.0000071039997,
      "64": 1939.0000071039997,
      "80": 2114.000007104
    },
    "gate_count": {
      "8": {
        "measure": 8,
        "riswap": 140,
        "sx": 423,
        "rz": 683,
        "x": 6
      },
      "16": {
        "measure": 16,
        "riswap": 1284,
        "rz": 6956,
        "sx": 4415,
        "x": 32
      },
      "24": {
        "measure": 24,
        "riswap": 2457,
        "rz": 13347,
        "sx": 8521,
        "x": 55
      },
      "32": {
        "measure": 32,
        "riswap": 3362,
        "rz": 18278,
        "sx": 11666,
        "x": 81
      },
      "48": {
        "measure": 48,
        "riswap": 5889,
        "sx": 20392,
        "rz": 31968,
        "x": 125
      },
      "64": {
        "measure": 64,
        "riswap": 8870,
        "sx": 30617,
        "rz": 47948,
        "x": 156
      },
      "80": {
        "measure": 80,
        "riswap": 10269,
        "rz": 55656,
        "sx": 35530,
        "x": 214
      }
    },
    "gate_count_crit": {},
    "layout_score": {
      "8": 0.0,
      "16": 160.0,
      "24": 100.0,
      "32": 440.0,
      "48": 880.0,
      "64": 1240.0,
      "80": 1520.0
    }
  },
  "QFT": {
    "duration": {
      "8": 118.99999999999999,
      "16": 435.99999999999994,
      "24": 757.9999999999999,
      "32": 1231.9999999999998,
      "48": 1820.9999999999998,
      "64": 2436.9999999999995,
      "80": 3663.9999999999995
    },
    "gate_count": {
      "8": {
        "riswap": 219,
        "rz": 1180,
        "sx": 746,
        "x": 8
      },
      "16": {
        "riswap": 1212,
        "sx": 4176,
        "rz": 6555,
        "x": 27
      },
      "24": {
        "riswap": 2405,
        "sx": 8373,
        "rz": 13105,
        "x": 43
      },
      "32": {
        "riswap": 4385,
        "rz": 23633,
        "sx": 15076,
        "x": 68
      },
      "48": {
        "riswap": 6658,
        "sx": 23087,
        "rz": 36115,
        "x": 105
      },
      "64": {
        "riswap": 9219,
        "rz": 49869,
        "sx": 31887,
        "x": 145
      },
      "80": {
        "riswap": 13650,
        "rz": 73420,
        "sx": 46894,
        "x": 224
      }
    },
    "gate_count_crit": {},
    "layout_score": {
      "8": 33.0,
      "16": 308.0,
      "24": 736.0,
      "32": 1414.0,
      "48": 3272.0,
      "64": 5581.0,
      "80": 7945.0
    }
  },
  "Diameter": 9.0,
  "Avg_Distance": 5.808956916099773,
  "Degree": 7.0,
  "Randomized_QC": {
    "duration": {
      "8": 744.9999999999999,
      "16": 2550.9999999999995,
      "24": 3651.9999999999995,
      "32": 5017.999999999999,
      "48": 7754.999999999999,
      "64": 10177.999999999998,
      "80": 12739.999999999998
    },
    "gate_count": {
      "8": {
        "riswap": 1358,
        "rz": 7207,
        "sx": 4545,
        "x": 20
      },
      "16": {
        "riswap": 6279,
        "rz": 33574,
        "sx": 21353,
        "x": 91
      },
      "24": {
        "riswap": 11352,
        "rz": 60302,
        "sx": 38376,
        "x": 170
      },
      "32": {
        "riswap": 18959,
        "sx": 63837,
        "rz": 100315,
        "x": 362
      },
      "48": {
        "riswap": 37338,
        "sx": 125000,
        "rz": 196523,
        "x": 759
      },
      "64": {
        "riswap": 58752,
        "rz": 308560,
        "sx": 196069,
        "x": 1266
      },
      "80": {
        "riswap": 85188,
        "rz": 446168,
        "sx": 283220,
        "x": 1969
      }
    },
    "gate_count_crit": {},
    "layout_score": {
      "8": 202.0,
      "16": 1145.0,
      "24": 2717.0,
      "32": 5280.0,
      "48": 10781.0,
      "64": 18648.0,
      "80": 27121.0
    }
  }
}