{
  "TIM_Hamiltonian": {
    "duration": {
      "7": 57.000003551999995
    },
    "gate_count": {
      "7": {
        "measure": 7,
        "riswap": 123,
        "rz": 623,
        "sx": 374,
        "x": 1
      }
    },
    "gate_count_crit": {},
    "layout_score": {
      "7": 20.0
    }
  },
  "QAOA_Vanilla": {
    "duration": {
      "8": 118.00000355199998,
      "16": 437.00000355199995
    },
    "gate_count": {
      "8": {
        "measure": 8,
        "riswap": 133,
        "sx": 378,
        "rz": 636,
        "x": 12
      },
      "16": {
        "measure": 16,
        "riswap": 593,
        "rz": 2732,
        "sx": 1617,
        "x": 55
      }
    },
    "gate_count_crit": {},
    "layout_score": {
      "8": 44.0,
      "16": 264.0
    }
  }
}