{
  "QAOA_Vanilla": {
    "duration": {
      "8": 98.00000710399998,
      "16": 538.0000035519998,
      "24": 1344.0000035519997,
      "32": 2357.000007104,
      "48": 5601.000003551999,
      "64": 10041.000003551999,
      "80": 15679.000003551999
    },
    "gate_count": {
      "8": {
        "measure": 8,
        "riswap": 171,
        "rz": 905,
        "sx": 566,
        "x": 4
      },
      "16": {
        "measure": 16,
        "riswap": 1340,
        "rz": 7064,
        "sx": 4463,
        "x": 35
      },
      "24": {
        "measure": 24,
        "riswap": 3511,
        "rz": 18551,
        "sx": 11732,
        "x": 74
      },
      "32": {
        "measure": 32,
        "riswap": 7389,
        "sx": 24592,
        "rz": 38845,
        "x": 183
      },
      "48": {
        "measure": 48,
        "riswap": 21841,
        "sx": 72806,
        "rz": 114734,
        "x": 475
      },
      "64": {
        "measure": 64,
        "riswap": 46798,
        "rz": 245636,
        "sx": 155896,
        "x": 972
      },
      "80": {
        "measure": 80,
        "riswap": 79794,
        "rz": 418450,
        "sx": 265632,
        "x": 1619
      }
    },
    "gate_count_crit": {},
    "layout_score": {
      "8": 24.0,
      "16": 336.0,
      "24": 944.0,
      "32": 2396.0,
      "48": 7592.0,
      "64": 16968.0,
      "80": 30248.0
    }
  }
}