{
  "QAOA_Vanilla": {
    "duration": {
      "8": 122.00000355199998,
      "16": 411.00000355199995,
      "24": 1324.0000035519997,
      "32": 2661.0000035519997,
      "48": 8110.000003551999,
      "64": 15672.000003551999,
      "80": 26999.000003551995
    },
    "gate_count": {
      "8": {
        "measure": 8,
        "riswap": 144,
        "sx": 426,
        "rz": 709,
        "x": 10
      },
      "16": {
        "measure": 16,
        "riswap": 569,
        "rz": 2672,
        "sx": 1579,
        "x": 46
      },
      "24": {
        "measure": 24,
        "riswap": 2063,
        "rz": 10016,
        "sx": 6105,
        "x": 144
      },
      "32": {
        "measure": 32,
        "riswap": 4437,
        "rz": 21841,
        "sx": 13432,
        "x": 215
      },
      "48": {
        "measure": 48,
        "riswap": 14567,
        "sx": 45519,
        "rz": 72822,
        "x": 496
      },
      "64": {
        "measure": 64,
        "riswap": 30069,
        "sx": 94883,
        "rz": 151151,
        "x": 905
      },
      "80": {
        "measure": 80,
        "riswap": 52191,
        "sx": 165705,
        "rz": 263353,
        "x": 1472
      }
    },
    "gate_count_crit": {},
    "layout_score": {
      "8": 44.0,
      "16": 264.0,
      "24": 1104.0,
      "32": 2484.0,
      "48": 8248.0,
      "64": 17900.0,
      "80": 31440.0
    }
  },
  "Diameter": 9.0,
  "Avg_Distance": 5.808956916099773,
  "Degree": 7.0
}