{
  "QFT": {
    "duration": {
      "8": 145.99999999999997,
      "16": 595.9999999999999,
      "24": 587.9999999999999
    },
    "gate_count": {
      "8": {
        "riswap": 236,
        "rz": 1184,
        "sx": 785
      },
      "16": {
        "riswap": 1258,
        "rz": 6318,
        "sx": 4185,
        "x": 3
      },
      "24": {
        "riswap": 2052,
        "rz": 10830,
        "sx": 7144,
        "x": 4
      }
    },
    "gate_count_crit": {},
    "layout_score": {
      "8": 33.0,
      "16": 312.0,
      "24": 1022.0
    }
  },
  "Quantum_Volume": {
    "duration": {
      "8": 35.99999999999999,
      "16": 79.99999999999999,
      "24": 115.99999999999999
    },
    "gate_count": {
      "8": {
        "riswap": 100,
        "rz": 602,
        "sx": 400
      },
      "16": {
        "riswap": 374,
        "sx": 1432,
        "rz": 2176,
        "x": 1
      },
      "24": {
        "riswap": 678,
        "rz": 3970,
        "sx": 2617,
        "x": 1
      }
    },
    "gate_count_crit": {},
    "layout_score": {
      "8": 15.0,
      "16": 72.0,
      "24": 165.0
    }
  },
  "TIM_Hamiltonian": {
    "duration": {
      "8": 30.000003551999995,
      "16": 134.00000355199998,
      "24": 186.00000355199998
    },
    "gate_count": {
      "8": {
        "measure": 8,
        "riswap": 70,
        "sx": 220,
        "rz": 360
      },
      "16": {
        "measure": 16,
        "riswap": 432,
        "rz": 2440,
        "sx": 1596,
        "x": 1
      },
      "24": {
        "measure": 24,
        "riswap": 647,
        "sx": 2369,
        "rz": 3625,
        "x": 1
      }
    },
    "gate_count_crit": {},
    "layout_score": {
      "8": 0.0,
      "16": 60.0,
      "24": 160.0
    }
  },
  "QAOA_Vanilla": {
    "duration": {
      "8": 90.00000355199998,
      "16": 618.0000035519998,
      "24": 1399.0000035519997
    },
    "gate_count": {
      "8": {
        "measure": 8,
        "riswap": 161,
        "rz": 827,
        "sx": 545,
        "x": 1
      },
      "16": {
        "measure": 16,
        "riswap": 1358,
        "rz": 6992,
        "sx": 4634,
        "x": 7
      },
      "24": {
        "measure": 24,
        "riswap": 3529,
        "rz": 17968,
        "sx": 11925,
        "x": 26
      }
    },
    "gate_count_crit": {},
    "layout_score": {
      "8": 24.0,
      "16": 336.0,
      "24": 872.0
    }
  }
}