{
  "TIM_Hamiltonian": {
    "duration": {
      "4": 42.000003551999995,
      "3": 40.000003551999995,
      "2": 2.000003552,
      "6": 55.000003551999995,
      "12": 184.00000355199998,
      "1": 3.5519999999999996e-06,
      "14": 188.00000355199998,
      "7": 57.000003551999995
    },
    "gate_count": {
      "4": {
        "measure": 4,
        "riswap": 60,
        "sx": 185,
        "rz": 306
      },
      "3": {
        "measure": 3,
        "riswap": 40,
        "rz": 205,
        "sx": 124
      },
      "2": {
        "measure": 2,
        "riswap": 2,
        "sx": 12,
        "rz": 18
      },
      "6": {
        "measure": 6,
        "riswap": 103,
        "sx": 313,
        "rz": 521
      },
      "12": {
        "measure": 12,
        "riswap": 328,
        "sx": 983,
        "rz": 1632,
        "x": 6
      },
      "1": {
        "rz": 3,
        "sx": 2,
        "measure": 1
      },
      "14": {
        "measure": 14,
        "riswap": 368,
        "rz": 1836,
        "sx": 1105,
        "x": 8
      },
      "7": {
        "measure": 7,
        "riswap": 123,
        "rz": 623,
        "sx": 374,
        "x": 1
      }
    },
    "gate_count_crit": {
      "4": null,
      "3": null
    },
    "layout_score": {
      "4": 0.0,
      "3": 0.0,
      "2": 0.0,
      "6": 20.0,
      "12": 40.0,
      "1": 0.0,
      "14": 40.0,
      "7": 20.0
    }
  },
  "Diameter": 9.0,
  "Avg_Distance": 5.808956916099773,
  "Degree": 7.0
}