{
  "QFT": {
    "duration": {
      "8": 235.99999999999997,
      "16": 869.9999999999999,
      "24": 1343.9999999999998
    },
    "gate_count": {
      "8": {
        "cx": 224,
        "sx": 660,
        "rz": 962,
        "x": 22
      },
      "16": {
        "cx": 1323,
        "rz": 5580,
        "sx": 3928,
        "x": 69
      },
      "24": {
        "cx": 2327,
        "sx": 6993,
        "rz": 9964,
        "x": 134
      }
    },
    "gate_count_crit": {},
    "layout_score": {
      "8": 33.0,
      "16": 308.0,
      "24": 736.0
    }
  },
  "Quantum_Volume": {
    "duration": {
      "8": 77.99999999999999,
      "16": 125.99999999999999,
      "24": 179.99999999999997
    },
    "gate_count": {
      "8": {
        "cx": 90,
        "rz": 460,
        "sx": 331
      },
      "16": {
        "cx": 309,
        "sx": 1040,
        "rz": 1440
      },
      "24": {
        "cx": 537,
        "sx": 1774,
        "rz": 2432
      }
    },
    "gate_count_crit": {},
    "layout_score": {
      "8": 21.0,
      "16": 93.0,
      "24": 234.0
    }
  },
  "TIM_Hamiltonian": {
    "duration": {
      "8": 60.000003551999995,
      "16": 224.00000355199998,
      "24": 342.00000710399996
    },
    "gate_count": {
      "8": {
        "measure": 8,
        "cx": 70,
        "rz": 323,
        "sx": 204,
        "x": 42
      },
      "16": {
        "measure": 16,
        "cx": 348,
        "rz": 1489,
        "sx": 1010,
        "x": 76
      },
      "24": {
        "measure": 24,
        "cx": 621,
        "sx": 1779,
        "rz": 2600,
        "x": 123
      }
    },
    "gate_count_crit": {},
    "layout_score": {
      "8": 0.0,
      "16": 50.0,
      "24": 80.0
    }
  },
  "QAOA_Vanilla": {
    "duration": {
      "8": 160.00000355199998,
      "16": 1096.0000035519997,
      "24": 2508.0000035519997
    },
    "gate_count": {
      "8": {
        "measure": 8,
        "cx": 139,
        "rz": 603,
        "sx": 413,
        "x": 19
      },
      "16": {
        "measure": 16,
        "cx": 1161,
        "rz": 4820,
        "sx": 3411,
        "x": 57
      },
      "24": {
        "measure": 24,
        "cx": 3185,
        "rz": 13099,
        "sx": 9289,
        "x": 156
      }
    },
    "gate_count_crit": {},
    "layout_score": {
      "8": 26.0,
      "16": 264.0,
      "24": 932.0
    }
  }
}