{
  "QAOA_Vanilla": {
    "duration": {
      "8": 124.00000355199998,
      "16": 573.0000035519998,
      "24": 1292.0000035519997,
      "32": 2317.0000035519997,
      "48": 5696.000003551999,
      "64": 10589.000007104,
      "80": 15733.000003551999
    },
    "gate_count": {
      "8": {
        "measure": 8,
        "riswap": 214,
        "rz": 1111,
        "sx": 686,
        "x": 12
      },
      "16": {
        "measure": 16,
        "riswap": 1198,
        "rz": 6364,
        "sx": 4029,
        "x": 25
      },
      "24": {
        "measure": 24,
        "riswap": 3599,
        "rz": 18955,
        "sx": 11999,
        "x": 85
      },
      "32": {
        "measure": 32,
        "riswap": 7734,
        "sx": 25817,
        "rz": 40758,
        "x": 168
      },
      "48": {
        "measure": 48,
        "riswap": 22218,
        "rz": 116698,
        "sx": 73964,
        "x": 511
      },
      "64": {
        "measure": 64,
        "riswap": 47356,
        "rz": 248482,
        "sx": 157634,
        "x": 1004
      },
      "80": {
        "measure": 80,
        "riswap": 80001,
        "rz": 419493,
        "sx": 266260,
        "x": 1649
      }
    },
    "gate_count_crit": {},
    "layout_score": {
      "8": 44.0,
      "16": 264.0,
      "24": 1104.0,
      "32": 2484.0,
      "48": 8248.0,
      "64": 17900.0,
      "80": 31440.0
    }
  },
  "Diameter": 9.0,
  "Avg_Distance": 5.808956916099773,
  "Degree": 7.0
}