{
  "QAOA_Vanilla": {
    "duration": {
      "8": 117.00000355199998,
      "16": 461.00000355199995,
      "24": 1333.0000035519997,
      "32": 2681.0000035519997,
      "48": 8315.000003551999,
      "64": 16998.000003551995,
      "80": 26269.000003551995
    },
    "gate_count": {
      "8": {
        "measure": 8,
        "riswap": 139,
        "rz": 692,
        "sx": 410,
        "x": 8
      },
      "16": {
        "measure": 16,
        "riswap": 625,
        "rz": 2957,
        "sx": 1751,
        "x": 48
      },
      "24": {
        "measure": 24,
        "riswap": 2257,
        "rz": 11019,
        "sx": 6766,
        "x": 120
      },
      "32": {
        "measure": 32,
        "riswap": 4498,
        "sx": 13676,
        "rz": 22202,
        "x": 198
      },
      "48": {
        "measure": 48,
        "riswap": 14432,
        "sx": 44975,
        "rz": 72076,
        "x": 519
      },
      "64": {
        "measure": 64,
        "riswap": 30806,
        "rz": 154923,
        "sx": 97237,
        "x": 929
      },
      "80": {
        "measure": 80,
        "riswap": 52022,
        "rz": 262945,
        "sx": 165509,
        "x": 1447
      }
    },
    "gate_count_crit": {},
    "layout_score": {
      "8": 44.0,
      "16": 264.0,
      "24": 1104.0,
      "32": 2484.0,
      "48": 8248.0,
      "64": 17900.0,
      "80": 31440.0
    }
  }
}