{
  "TIM_Hamiltonian": {
    "duration": {
      "8": 137.000007104,
      "16": 316.00000710399996,
      "24": 470.00000710399996,
      "32": 691.0000071039998,
      "48": 920.0000106559997,
      "64": 1491.0000177599998,
      "80": 1629.0000213119997
    },
    "gate_count": {
      "8": {
        "measure": 8,
        "riswap": 232,
        "rz": 1233,
        "sx": 771,
        "x": 6
      },
      "16": {
        "measure": 16,
        "riswap": 713,
        "rz": 3827,
        "sx": 2405,
        "x": 17
      },
      "24": {
        "measure": 24,
        "riswap": 1286,
        "rz": 6841,
        "sx": 4293,
        "x": 32
      },
      "32": {
        "measure": 32,
        "riswap": 1725,
        "rz": 9286,
        "sx": 5851,
        "x": 43
      },
      "48": {
        "measure": 48,
        "riswap": 3609,
        "rz": 19099,
        "sx": 11954,
        "x": 78
      },
      "64": {
        "measure": 64,
        "riswap": 4759,
        "rz": 25446,
        "sx": 15961,
        "x": 98
      },
      "80": {
        "measure": 80,
        "riswap": 5858,
        "rz": 31196,
        "sx": 19549,
        "x": 113
      }
    },
    "gate_count_crit": {},
    "layout_score": {
      "8": 60.0,
      "16": 200.0,
      "24": 720.0,
      "32": 720.0,
      "48": 1720.0,
      "64": 2640.0,
      "80": 3460.0
    }
  },
  "Quantum_Volume": {
    "duration": {
      "8": 29.999999999999996,
      "16": 208.99999999999997,
      "24": 314.99999999999994,
      "32": 305.99999999999994,
      "48": 376.99999999999994,
      "64": 635.9999999999999,
      "80": 712.9999999999999
    },
    "gate_count": {
      "8": {
        "riswap": 96,
        "rz": 555,
        "sx": 353,
        "x": 2
      },
      "16": {
        "riswap": 583,
        "sx": 2080,
        "rz": 3261
      },
      "24": {
        "riswap": 1159,
        "rz": 6399,
        "sx": 4059,
        "x": 1
      },
      "32": {
        "riswap": 1548,
        "rz": 8568,
        "sx": 5442,
        "x": 3
      },
      "48": {
        "riswap": 2867,
        "rz": 15736,
        "sx": 9957,
        "x": 7
      },
      "64": {
        "riswap": 4884,
        "rz": 26668,
        "sx": 16834,
        "x": 9
      },
      "80": {
        "riswap": 6897,
        "sx": 23689,
        "rz": 37570,
        "x": 10
      }
    },
    "gate_count_crit": {},
    "layout_score": {
      "8": 78.0,
      "16": 273.0,
      "24": 498.0,
      "32": 882.0,
      "48": 1437.0,
      "64": 2643.0,
      "80": 3765.0
    }
  },
  "QFT": {
    "duration": {
      "8": 194.99999999999997,
      "16": 610.9999999999999,
      "24": 1075.9999999999998,
      "32": 1170.9999999999998,
      "48": 2168.9999999999995,
      "64": 3197.9999999999995,
      "80": 3342.9999999999995
    },
    "gate_count": {
      "8": {
        "riswap": 322,
        "sx": 1115,
        "rz": 1761,
        "x": 8
      },
      "16": {
        "riswap": 1520,
        "sx": 5197,
        "rz": 8185,
        "x": 19
      },
      "24": {
        "riswap": 3091,
        "sx": 10519,
        "rz": 16599,
        "x": 49
      },
      "32": {
        "riswap": 4035,
        "sx": 13698,
        "rz": 21602,
        "x": 65
      },
      "48": {
        "riswap": 7471,
        "sx": 25395,
        "rz": 40073,
        "x": 91
      },
      "64": {
        "riswap": 10721,
        "sx": 36560,
        "rz": 57632,
        "x": 136
      },
      "80": {
        "riswap": 12840,
        "rz": 68839,
        "sx": 43604,
        "x": 149
      }
    },
    "gate_count_crit": {},
    "layout_score": {
      "8": 112.0,
      "16": 729.0,
      "24": 1781.0,
      "32": 2554.0,
      "48": 6627.0,
      "64": 9320.0,
      "80": 14209.0
    }
  }
}