{
  "Quantum_Volume": {
    "duration": {
      "8": 65.99999999999999,
      "16": 287.99999999999994,
      "24": 353.99999999999994,
      "32": 571.9999999999999,
      "40": 741.9999999999999,
      "48": 923.9999999999999,
      "56": 1037.9999999999998,
      "64": 1207.9999999999998,
      "72": 1235.9999999999998,
      "80": 1299.9999999999998
    },
    "preswap_gate_count": {
      "8": {
        "rz": 279,
        "sx": 196,
        "swap": 22,
        "cx": 45
      },
      "16": {
        "rz": 575,
        "sx": 404,
        "swap": 128,
        "cx": 93
      },
      "24": {
        "rz": 854,
        "sx": 600,
        "swap": 222,
        "cx": 138
      },
      "32": {
        "rz": 1184,
        "sx": 832,
        "swap": 463,
        "cx": 192
      },
      "40": {
        "rz": 1480,
        "sx": 1040,
        "swap": 631,
        "cx": 240
      },
      "48": {
        "rz": 1776,
        "sx": 1248,
        "swap": 872,
        "cx": 288
      },
      "56": {
        "rz": 2038,
        "sx": 1432,
        "swap": 1133,
        "cx": 330
      },
      "64": {
        "rz": 2368,
        "sx": 1664,
        "swap": 1327,
        "cx": 384
      },
      "72": {
        "rz": 2647,
        "sx": 1860,
        "swap": 1478,
        "cx": 429
      },
      "80": {
        "rz": 2892,
        "sx": 2032,
        "swap": 1762,
        "cx": 468
      }
    },
    "preswap_gate_count_crit": {
      "8": {
        "rz": 39,
        "sx": 26,
        "swap": 7,
        "cx": 12
      },
      "16": {
        "rz": 39,
        "sx": 26,
        "swap": 37,
        "cx": 27
      },
      "24": {
        "rz": 39,
        "sx": 26,
        "swap": 49,
        "cx": 26
      },
      "32": {
        "rz": 39,
        "sx": 26,
        "swap": 81,
        "cx": 33
      },
      "40": {
        "rz": 39,
        "sx": 26,
        "swap": 108,
        "cx": 36
      },
      "48": {
        "rz": 37,
        "sx": 26,
        "swap": 137,
        "cx": 35
      },
      "56": {
        "rz": 38,
        "sx": 26,
        "swap": 155,
        "cx": 41
      },
      "64": {
        "rz": 37,
        "sx": 26,
        "swap": 188,
        "cx": 32
      },
      "72": {
        "rz": 39,
        "sx": 26,
        "swap": 183,
        "cx": 49
      },
      "80": {
        "rz": 39,
        "sx": 26,
        "swap": 202,
        "cx": 36
      }
    },
    "layout_score": {
      "8": 84.0,
      "16": 291.0,
      "24": 492.0,
      "32": 798.0,
      "40": 1200.0,
      "48": 1776.0,
      "56": 2199.0,
      "64": 2616.0,
      "72": 3162.0,
      "80": 3612.0
    },
    "edge_frequency": {
      "8": {
        "(1, 73)": 12,
        "(8, 80)": 12,
        "(50, 80)": 9,
        "(8, 79)": 9,
        "(7, 79)": 18,
        "(0, 49)": 15,
        "(1, 74)": 6,
        "(50, 74)": 6,
        "(0, 73)": 9,
        "(7, 49)": 9
      },
      "16": {
        "(14, 85)": 29,
        "(8, 80)": 33,
        "(53, 79)": 41,
        "(53, 85)": 39,
        "(9, 80)": 23,
        "(7, 79)": 33,
        "(7, 49)": 34,
        "(50, 74)": 19,
        "(8, 79)": 20,
        "(1, 73)": 16,
        "(2, 74)": 32,
        "(0, 73)": 20,
        "(50, 80)": 39,
        "(2, 75)": 29,
        "(1, 74)": 25,
        "(0, 49)": 20
      },
      "24": {
        "(15, 86)": 30,
        "(53, 85)": 45,
        "(7, 79)": 29,
        "(1, 73)": 11,
        "(3, 75)": 20,
        "(2, 74)": 39,
        "(53, 79)": 40,
        "(9, 80)": 48,
        "(50, 80)": 37,
        "(51, 82)": 17,
        "(7, 49)": 30,
        "(3, 76)": 11,
        "(8, 80)": 41,
        "(51, 76)": 13,
        "(8, 79)": 53,
        "(1, 74)": 20,
        "(9, 81)": 27,
        "(14, 57)": 33,
        "(10, 82)": 18,
        "(14, 85)": 37,
        "(50, 74)": 37,
        "(2, 75)": 19,
        "(0, 49)": 20,
        "(15, 85)": 34,
        "(0, 73)": 10,
        "(10, 81)": 28,
        "(54, 81)": 12,
        "(16, 86)": 6,
        "(54, 87)": 6,
        "(16, 87)": 6
      },
      "32": {
        "(22, 91)": 11,
        "(14, 85)": 58,
        "(53, 85)": 55,
        "(22, 92)": 9,
        "(10, 81)": 64,
        "(50, 80)": 26,
        "(2, 75)": 39,
        "(16, 86)": 45,
        "(4, 76)": 54,
        "(7, 79)": 72,
        "(16, 87)": 36,
        "(54, 81)": 45,
        "(3, 76)": 54,
        "(3, 75)": 52,
        "(51, 82)": 37,
        "(8, 79)": 58,
        "(54, 87)": 47,
        "(1, 73)": 35,
        "(10, 82)": 51,
        "(1, 74)": 57,
        "(21, 57)": 24,
        "(58, 86)": 36,
        "(0, 73)": 39,
        "(53, 79)": 57,
        "(51, 76)": 34,
        "(21, 91)": 13,
        "(58, 92)": 40,
        "(50, 74)": 36,
        "(0, 49)": 34,
        "(15, 86)": 38,
        "(7, 49)": 61,
        "(14, 57)": 28,
        "(9, 81)": 39,
        "(9, 80)": 29,
        "(2, 74)": 46,
        "(15, 85)": 62,
        "(8, 80)": 35
      },
      "40": {
        "(14, 85)": 72,
        "(58, 92)": 54,
        "(51, 82)": 53,
        "(2, 74)": 59,
        "(61, 91)": 25,
        "(50, 80)": 78,
        "(53, 85)": 81,
        "(16, 86)": 71,
        "(21, 91)": 35,
        "(10, 81)": 66,
        "(8, 79)": 71,
        "(58, 86)": 70,
        "(7, 49)": 43,
        "(23, 92)": 39,
        "(15, 86)": 28,
        "(54, 81)": 65,
        "(7, 79)": 55,
        "(0, 73)": 49,
        "(4, 76)": 39,
        "(8, 80)": 38,
        "(51, 76)": 52,
        "(10, 82)": 50,
        "(3, 75)": 32,
        "(0, 49)": 39,
        "(14, 57)": 58,
        "(9, 81)": 55,
        "(53, 79)": 61,
        "(9, 80)": 36,
        "(11, 82)": 51,
        "(21, 57)": 48,
        "(2, 75)": 53,
        "(16, 87)": 41,
        "(15, 85)": 51,
        "(5, 77)": 16,
        "(50, 74)": 59,
        "(1, 73)": 33,
        "(4, 77)": 24,
        "(3, 76)": 39,
        "(1, 74)": 49,
        "(22, 91)": 33,
        "(54, 87)": 54,
        "(22, 92)": 26,
        "(17, 87)": 30,
        "(5, 78)": 3,
        "(17, 88)": 3,
        "(52, 78)": 3,
        "(52, 84)": 3,
        "(12, 84)": 3,
        "(12, 83)": 3,
        "(18, 88)": 3,
        "(18, 89)": 3,
        "(55, 89)": 3,
        "(55, 83)": 3
      },
      "48": {
        "(2, 74)": 69,
        "(58, 86)": 83,
        "(16, 87)": 88,
        "(8, 80)": 70,
        "(16, 86)": 90,
        "(53, 79)": 63,
        "(15, 86)": 35,
        "(7, 49)": 29,
        "(8, 79)": 78,
        "(22, 92)": 66,
        "(50, 74)": 52,
        "(10, 81)": 78,
        "(11, 83)": 52,
        "(22, 91)": 62,
        "(51, 76)": 72,
        "(55, 89)": 39,
        "(18, 89)": 36,
        "(12, 83)": 41,
        "(55, 83)": 48,
        "(17, 87)": 59,
        "(3, 75)": 57,
        "(11, 82)": 60,
        "(54, 81)": 70,
        "(54, 87)": 79,
        "(3, 76)": 43,
        "(2, 75)": 70,
        "(5, 77)": 36,
        "(24, 93)": 20,
        "(4, 77)": 56,
        "(61, 97)": 31,
        "(1, 73)": 31,
        "(0, 49)": 9,
        "(15, 85)": 46,
        "(61, 91)": 41,
        "(7, 79)": 38,
        "(12, 84)": 30,
        "(1, 74)": 55,
        "(10, 82)": 76,
        "(51, 82)": 78,
        "(59, 94)": 15,
        "(4, 76)": 59,
        "(21, 91)": 35,
        "(9, 81)": 59,
        "(9, 80)": 35,
        "(24, 94)": 15,
        "(50, 80)": 60,
        "(58, 92)": 75,
        "(53, 85)": 60,
        "(23, 93)": 25,
        "(23, 92)": 48,
        "(14, 57)": 26,
        "(18, 88)": 29,
        "(0, 73)": 31,
        "(59, 88)": 9,
        "(14, 85)": 49,
        "(52, 84)": 18,
        "(52, 78)": 21,
        "(17, 88)": 17,
        "(5, 78)": 18,
        "(21, 57)": 29
      },
      "56": {
        "(37, 105)": 106,
        "(47, 114)": 48,
        "(26, 95)": 41,
        "(38, 105)": 110,
        "(27, 96)": 32,
        "(40, 108)": 53,
        "(68, 108)": 56,
        "(66, 104)": 70,
        "(24, 93)": 26,
        "(30, 99)": 67,
        "(33, 101)": 74,
        "(33, 102)": 56,
        "(30, 98)": 77,
        "(62, 99)": 66,