{
  "TIM_Hamiltonian": {
    "duration": {
      "8": 69.00000710399999,
      "16": 134.000007104,
      "24": 387.00000710399996,
      "32": 367.00000710399996,
      "48": 638.0000071039999,
      "64": 1009.0000177599998,
      "80": 1173.0000177599998
    },
    "gate_count": {
      "8": {
        "measure": 8,
        "rzx": 126,
        "rz": 550,
        "sx": 341,
        "x": 47
      },
      "16": {
        "measure": 16,
        "rzx": 400,
        "rz": 1751,
        "sx": 1093,
        "x": 93
      },
      "24": {
        "measure": 24,
        "rzx": 1003,
        "sx": 2842,
        "rz": 4415,
        "x": 112
      },
      "32": {
        "measure": 32,
        "rzx": 1022,
        "rz": 4496,
        "sx": 2871,
        "x": 170
      },
      "48": {
        "measure": 48,
        "rzx": 2966,
        "rz": 13021,
        "sx": 8138,
        "x": 277
      },
      "64": {
        "measure": 64,
        "rzx": 3762,
        "rz": 16524,
        "sx": 10387,
        "x": 347
      },
      "80": {
        "measure": 80,
        "rzx": 5107,
        "rz": 22403,
        "sx": 13984,
        "x": 467
      }
    },
    "gate_count_crit": {},
    "layout_score": {
      "8": 100.0,
      "16": 260.0,
      "24": 720.0,
      "32": 720.0,
      "48": 1720.0,
      "64": 2640.0,
      "80": 3460.0
    }
  },
  "Quantum_Volume": {
    "duration": {
      "8": 103.67255756733324,
      "16": 666.0176425537788,
      "24": 666.0176425537788,
      "32": 1137.2565405871132,
      "48": 1278.6282099971136,
      "64": 1737.3007374162257,
      "80": 1982.3449643935596
    },
    "gate_count": {
      "8": {
        "rzx": 81,
        "rz": 406,
        "sx": 298
      },
      "16": {
        "rzx": 569,
        "rz": 2573,
        "sx": 1688,
        "x": 12
      },
      "24": {
        "rzx": 922,
        "sx": 2689,
        "rz": 4126,
        "x": 13
      },
      "32": {
        "rzx": 1930,
        "rz": 8491,
        "sx": 5435,
        "x": 24
      },
      "48": {
        "rzx": 2599,
        "rz": 11524,
        "sx": 7419,
        "x": 24
      },
      "64": {
        "rzx": 4195,
        "sx": 11840,
        "rz": 18496,
        "x": 44
      },
      "80": {
        "rzx": 6139,
        "sx": 17094,
        "rz": 26892,
        "x": 71
      }
    },
    "gate_count_crit": {},
    "layout_score": {
      "8": 69.0,
      "16": 288.0,
      "24": 498.0,
      "32": 900.0,
      "48": 1554.0,
      "64": 2574.0,
      "80": 3711.0
    }
  },
  "QFT": {
    "duration": {
      "8": 158.99999999999997,
      "16": 352.99999999999994,
      "24": 691.9999999999999,
      "32": 1094.9999999999998,
      "48": 1739.9999999999998,
      "64": 2089.9999999999995,
      "80": 2729.9999999999995
    },
    "gate_count": {
      "8": {
        "rzx": 285,
        "rz": 1327,
        "sx": 870,
        "x": 14
      },
      "16": {
        "rzx": 990,
        "sx": 3025,
        "rz": 4528,
        "x": 58
      },
      "24": {
        "rzx": 2279,
        "rz": 10355,
        "sx": 6852,
        "x": 116
      },
      "32": {
        "rzx": 3780,
        "sx": 11153,
        "rz": 17086,
        "x": 199
      },
      "48": {
        "rzx": 6243,
        "rz": 28230,
        "sx": 18480,
        "x": 317
      },
      "64": {
        "rzx": 8548,
        "sx": 25470,
        "rz": 38624,
        "x": 359
      },
      "80": {
        "rzx": 11459,
        "rz": 51603,
        "sx": 33911,
        "x": 479
      }
    },
    "gate_count_crit": {},
    "layout_score": {
      "8": 126.0,
      "16": 752.0,
      "24": 1781.0,
      "32": 2554.0,
      "48": 6627.0,
      "64": 9320.0,
      "80": 14209.0
    }
  },
  "QAOA_Vanilla": {
    "duration": {
      "8": 126.00000710399998,
      "16": 517.0000071039999,
      "24": 1195.0000071039997,
      "32": 2031.0000106559996,
      "48": 4543.000003551999,
      "64": 8463.000003551999,
      "80": 12851.000003551999
    },
    "gate_count": {
      "8": {
        "measure": 8,
        "rzx": 250,
        "rz": 1105,
        "sx": 734,
        "x": 18
      },
      "16": {
        "measure": 16,
        "rzx": 1390,
        "sx": 3972,
        "rz": 6122,
        "x": 75
      },
      "24": {
        "measure": 24,
        "rzx": 3803,
        "rz": 16445,
        "sx": 10518,
        "x": 243
      },
      "32": {
        "measure": 32,
        "rzx": 7918,
        "rz": 34224,
        "sx": 21794,
        "x": 433
      },
      "48": {
        "measure": 48,
        "rzx": 22969,
        "rz": 99196,
        "sx": 62896,
        "x": 1019
      },
      "64": {
        "measure": 64,
        "rzx": 49661,
        "sx": 135536,
        "rz": 214320,
        "x": 1789
      },
      "80": {
        "measure": 80,
        "rzx": 85344,
        "sx": 232367,
        "rz": 368276,
        "x": 2787
      }
    },
    "gate_count_crit": {},
    "layout_score": {
      "8": 96.0,
      "16": 660.0,
      "24": 1970.0,
      "32": 4218.0,
      "48": 12550.0,
      "64": 27964.0,
      "80": 47366.0
    }
  }
}