{
  "QFT": {
    "duration": {
      "8": 211.99999999999997,
      "16": 953.9999999999999,
      "24": 1733.9999999999998
    },
    "gate_count": {
      "8": {
        "cx": 226,
        "rz": 962,
        "sx": 677,
        "x": 22
      },
      "16": {
        "cx": 1264,
        "sx": 3669,
        "rz": 5258,
        "x": 110
      },
      "24": {
        "cx": 2692,
        "rz": 11180,
        "sx": 7933,
        "x": 125
      }
    },
    "gate_count_crit": {},
    "layout_score": {
      "8": 120.0,
      "16": 729.0,
      "24": 1781.0
    }
  },
  "Quantum_Volume": {
    "duration": {
      "8": 59.99999999999999,
      "16": 415.99999999999994,
      "24": 457.99999999999994
    },
    "gate_count": {
      "8": {
        "cx": 108,
        "sx": 381,
        "rz": 528
      },
      "16": {
        "cx": 665,
        "sx": 1876,
        "rz": 2716,
        "x": 40
      },
      "24": {
        "cx": 954,
        "rz": 3900,
        "sx": 2749,
        "x": 41
      }
    },
    "gate_count_crit": {},
    "layout_score": {
      "8": 84.0,
      "16": 246.0,
      "24": 537.0
    }
  },
  "TIM_Hamiltonian": {
    "duration": {
      "8": 188.000010656,
      "16": 342.000010656,
      "24": 606.0000106559999
    },
    "gate_count": {
      "8": {
        "measure": 8,
        "cx": 192,
        "rz": 790,
        "sx": 541,
        "x": 36
      },
      "16": {
        "measure": 16,
        "cx": 411,
        "sx": 1153,
        "rz": 1689,
        "x": 73
      },
      "24": {
        "measure": 24,
        "cx": 967,
        "rz": 3839,
        "sx": 2674,
        "x": 111
      }
    },
    "gate_count_crit": {},
    "layout_score": {
      "8": 100.0,
      "16": 260.0,
      "24": 810.0
    }
  },
  "QAOA_Vanilla": {
    "duration": {
      "8": 336.00000355199995,
      "16": 1020.0000035519998,
      "24": 2564.000007104
    },
    "gate_count": {
      "8": {
        "measure": 8,
        "cx": 304,
        "rz": 1267,
        "sx": 895,
        "x": 19
      },
      "16": {
        "measure": 16,
        "cx": 1485,
        "rz": 5937,
        "sx": 4200,
        "x": 87
      },
      "24": {
        "measure": 24,
        "cx": 4042,
        "sx": 11258,
        "rz": 15961,
        "x": 224
      }
    },
    "gate_count_crit": {},
    "layout_score": {
      "8": 96.0,
      "16": 672.0,
      "24": 2060.0
    }
  }
}