{
  "QAOA_Vanilla": {
    "duration": {
      "8": 186.00000355199998,
      "16": 1178.0000035519997,
      "24": 2438.000010656,
      "32": 4314.0000071039985,
      "48": 9282.000003551999,
      "64": 16060.000003551999,
      "80": 23680.000007103994
    },
    "gate_count": {
      "8": {
        "measure": 8,
        "cx": 215,
        "sx": 626,
        "rz": 885,
        "x": 19
      },
      "16": {
        "measure": 16,
        "cx": 1431,
        "rz": 5679,
        "sx": 4026,
        "x": 85
      },
      "24": {
        "measure": 24,
        "cx": 4288,
        "sx": 11844,
        "rz": 16760,
        "x": 213
      },
      "32": {
        "measure": 32,
        "cx": 8554,
        "sx": 23553,
        "rz": 33251,
        "x": 405
      },
      "48": {
        "measure": 48,
        "cx": 23072,
        "sx": 63139,
        "rz": 88953,
        "x": 943
      },
      "64": {
        "measure": 64,
        "cx": 47635,
        "rz": 182570,
        "sx": 129838,
        "x": 1757
      },
      "80": {
        "measure": 80,
        "cx": 83614,
        "rz": 319366,
        "sx": 227434,
        "x": 2720
      }
    },
    "gate_count_crit": {},
    "layout_score": {
      "8": 96.0,
      "16": 658.0,
      "24": 2094.0,
      "32": 4456.0,
      "48": 13126.0,
      "64": 27414.0,
      "80": 48746.0
    }
  },
  "TIM_Hamiltonian": {
    "duration": {
      "8": 100.00000355199998,
      "16": 962.0000106559997,
      "24": 944.0000142079997,
      "32": 1338.0000106559996,
      "48": 1822.0000106559996,
      "64": 2456.000010656,
      "80": 3730.000010656,
      "8": 194.000007104,
      "16": 282.00000710399996,
      "24": 403.00000710399996,
      "32": 697.0000106559997,
      "48": 849.0000106559997,
      "64": 1332.0000142079998,
      "80": 1676.0000071039997
    },
    "gate_count": {
      "8": {
        "measure": 8,
        "cx": 140,
        "rz": 581,
        "sx": 333,
        "x": 83
      },
      "16": {
        "measure": 16,
        "cx": 1223,
        "rz": 4901,
        "sx": 3380,
        "x": 158
      },
      "24": {
        "measure": 24,
        "cx": 1660,
        "sx": 4531,
        "rz": 6621,
        "x": 243
      },
      "32": {
        "measure": 32,
        "cx": 2550,
        "rz": 10177,
        "sx": 6980,
        "x": 325
      },
      "48": {
        "measure": 48,
        "cx": 4784,
        "sx": 13089,
        "rz": 18794,
        "x": 468
      },
      "64": {
        "measure": 64,
        "cx": 6751,
        "rz": 26324,
        "sx": 18446,
        "x": 611
      },
      "80": {
        "measure": 80,
        "cx": 7914,
        "sx": 21677,
        "rz": 31190,
        "x": 791
      },
      "8": {
        "measure": 8,
        "riswap": 330,
        "rz": 1778,
        "sx": 1116,
        "x": 5
      },
      "16": {
        "measure": 16,
        "riswap": 704,
        "rz": 3737,
        "sx": 2346,
        "x": 16
      },
      "24": {
        "measure": 24,
        "riswap": 975,
        "sx": 3265,
        "rz": 5208,
        "x": 23
      },
      "32": {
        "measure": 32,
        "riswap": 1746,
        "rz": 9428,
        "sx": 5940,
        "x": 34
      },
      "48": {
        "measure": 48,
        "riswap": 3277,
        "rz": 17347,
        "sx": 10850,
        "x": 67
      },
      "64": {
        "measure": 64,
        "riswap": 4529,
        "rz": 24226,
        "sx": 15209,
        "x": 81
      },
      "80": {
        "measure": 80,
        "riswap": 6022,
        "sx": 20160,
        "rz": 32135,
        "x": 109
      }
    },
    "gate_count_crit": {},
    "layout_score": {
      "8": 0.0,
      "16": 400.0,
      "24": 1440.0,
      "32": 1440.0,
      "48": 3440.0,
      "64": 6100.0,
      "80": 5300.0,
      "8": 100.0,
      "16": 260.0,
      "24": 530.0,
      "32": 720.0,
      "48": 1720.0,
      "64": 2640.0,
      "80": 3460.0
    }
  },
  "QFT": {
    "duration": {
      "8": 267.99999999999994,
      "16": 831.9999999999999,
      "24": 1545.9999999999998,
      "32": 1953.9999999999998,
      "48": 3497.9999999999995,
      "64": 4821.999999999999,
      "80": 4955.999999999999
    },
    "gate_count": {
      "8": {
        "cx": 269,
        "rz": 1131,
        "sx": 787,
        "x": 27
      },
      "16": {
        "cx": 1123,
        "sx": 3315,
        "rz": 4724,
        "x": 79
      },
      "24": {
        "cx": 2298,
        "rz": 9730,
        "sx": 6914,
        "x": 123
      },
      "32": {
        "cx": 3305,
        "sx": 9872,
        "rz": 13867,
        "x": 168
      },
      "48": {
        "cx": 6469,
        "sx": 19039,
        "rz": 26850,
        "x": 336
      },
      "64": {
        "cx": 8953,
        "rz": 37148,
        "sx": 26510,
        "x": 395
      },
      "80": {
        "cx": 10476,
        "sx": 31185,
        "rz": 43549,
        "x": 428
      }
    },
    "gate_count_crit": {},
    "layout_score": {
      "8": 120.0,
      "16": 729.0,
      "24": 1781.0,
      "32": 2554.0,
      "48": 6627.0,
      "64": 9907.0,
      "80": 10011.0
    }
  },
  "Diameter": 24.0,
  "Avg_Distance": 10.228809073724008,
  "Degree": 3.0,
  "Randomized_QC": {
    "duration": {
      "8": 1233.9999999999998,
      "16": 4039.9999999999995,
      "24": 5637.999999999999,
      "32": 7327.999999999999,
      "48": 10883.999999999998,
      "64": 13553.999999999998,
      "80": 17041.999999999996
    },
    "gate_count": {
      "8": {
        "cx": 1457,
        "sx": 4214,
        "rz": 6015,
        "x": 99
      },
      "16": {
        "cx": 5735,
        "sx": 16219,
        "rz": 22955,
        "x": 306
      },
      "24": {
        "cx": 11172,
        "sx": 31202,
        "rz": 44040,
        "x": 510
      },
      "32": {
        "cx": 17449,
        "rz": 68349,
        "sx": 48590,
        "x": 729
      },
      "48": {
        "cx": 32675,
        "rz": 126871,
        "sx": 90498,
        "x": 1144
      },
      "64": {
        "cx": 49593,
        "rz": 191418,
        "sx": 136700,
        "x": 1580
      },
      "80": {
        "cx": 73366,
        "rz": 281633,
        "sx": 201364,
        "x": 2179
      }
    },
    "gate_count_crit": {},
    "layout_score": {
      "8": 620.0,
      "16": 2196.0,
      "24": 4689.0,
      "32": 7341.0,
      "48": 14666.0,
      "64": 23739.0,
      "80": 34090.0
    }
  },
  "Quantum_Volume": {
    "duration": {
      "8": 143.99999999999997,
      "16": 1031.9999999999998,
      "24": 819.9999999999999,
      "32": 1455.9999999999998,
      "48": 2279.9999999999995,
      "64": 2707.9999999999995,
      "80": 3139.9999999999995
    },
    "gate_count": {
      "8": {
        "rz": 590,
        "sx": 304,
        "cx": 234,
        "x": 5
      },
      "16": {
        "rz": 3867,
        "sx": 1681,
        "cx": 1700,
        "x": 37
      },
      "24": {
        "sx": 1977,
        "rz": 4440,
        "cx": 1924,
        "x": 32
      },
      "32": {
        "rz": 8141,
        "sx": 3534,
        "cx": 3582,
        "x": 76
      },
      "48": {
        "sx": 7270,
        "rz": 17453,
        "cx": 7810,
        "x": 147
      },
      "64": {
        "sx": 9448,
        "rz": 22588,
        "cx": 10094,
        "x": 193
      },
      "80": {
        "sx": 12932,
        "rz": 31161,
        "cx": 13976,
        "x": 247
      }
    },
    "gate_count_crit": {},
    "layout_score": {
      "8": 168.0,
      "16": 432.0,
      "24": 966.0,
      "32": 1548.0,
      "48": 3096.0,
      "64": 4914.0,
      "80": 7338.0
    }
  }
}