{
  "Quantum_Volume": {
    "duration": {
      "8": 213.99999999999997,
      "16": 351.99999999999994,
      "24": 371.99999999999994,
      "32": 511.99999999999994,
      "40": 557.9999999999999,
      "48": 747.9999999999999,
      "56": 829.9999999999999,
      "64": 909.9999999999999,
      "72": 1073.9999999999998,
      "80": 1131.9999999999998
    },
    "preswap_gate_count": {
      "8": {
        "rz": 279,
        "sx": 196,
        "swap": 44,
        "cx": 45
      },
      "16": {
        "rz": 575,
        "sx": 404,
        "swap": 156,
        "cx": 93
      },
      "24": {
        "rz": 854,
        "sx": 600,
        "cx": 138,
        "swap": 214
      },
      "32": {
        "rz": 1184,
        "sx": 832,
        "cx": 192,
        "swap": 405
      },
      "40": {
        "rz": 1480,
        "sx": 1040,
        "cx": 240,
        "swap": 526
      },
      "48": {
        "rz": 1776,
        "sx": 1248,
        "swap": 821,
        "cx": 288
      },
      "56": {
        "rz": 2038,
        "sx": 1432,
        "cx": 330,
        "swap": 924
      },
      "64": {
        "rz": 2368,
        "sx": 1664,
        "swap": 1132,
        "cx": 384
      },
      "72": {
        "rz": 2647,
        "sx": 1860,
        "swap": 1379,
        "cx": 429
      },
      "80": {
        "rz": 2892,
        "sx": 2032,
        "swap": 1500,
        "cx": 468
      }
    },
    "preswap_gate_count_crit": {
      "8": {
        "rz": 37,
        "sx": 26,
        "swap": 28,
        "cx": 26
      },
      "16": {
        "rz": 37,
        "sx": 26,
        "swap": 50,
        "cx": 27
      },
      "24": {
        "rz": 38,
        "sx": 26,
        "swap": 50,
        "cx": 27
      },
      "32": {
        "rz": 37,
        "sx": 26,
        "swap": 73,
        "cx": 30
      },
      "40": {
        "rz": 39,
        "sx": 26,
        "swap": 78,
        "cx": 35
      },
      "48": {
        "rz": 39,
        "sx": 26,
        "swap": 101,
        "cx": 42
      },
      "56": {
        "rz": 37,
        "sx": 26,
        "cx": 39,
        "swap": 121
      },
      "64": {
        "rz": 39,
        "sx": 26,
        "swap": 136,
        "cx": 37
      },
      "72": {
        "rz": 39,
        "sx": 26,
        "swap": 164,
        "cx": 39
      },
      "80": {
        "rz": 39,
        "sx": 26,
        "swap": 172,
        "cx": 43
      }
    },
    "layout_score": {
      "8": 51.0,
      "16": 237.0,
      "24": 396.0,
      "32": 594.0,
      "40": 894.0,
      "48": 1320.0,
      "56": 1605.0,
      "64": 2136.0,
      "72": 2532.0,
      "80": 2733.0
    },
    "edge_frequency": {
      "8": {
        "(2, 3)": 45,
        "(1, 2)": 21,
        "(16, 32)": 21,
        "(2, 17)": 31,
        "(15, 16)": 17,
        "(16, 17)": 14,
        "(0, 15)": 9,
        "(0, 1)": 15
      },
      "16": {
        "(31, 32)": 28,
        "(0, 1)": 29,
        "(1, 2)": 31,
        "(2, 17)": 51,
        "(0, 15)": 29,
        "(2, 3)": 50,
        "(18, 34)": 26,
        "(32, 33)": 29,
        "(18, 19)": 32,
        "(4, 5)": 22,
        "(17, 18)": 24,
        "(16, 32)": 53,
        "(3, 4)": 24,
        "(16, 17)": 23,
        "(31, 47)": 16,
        "(33, 34)": 21,
        "(4, 19)": 17,
        "(15, 16)": 30,
        "(47, 48)": 4,
        "(33, 49)": 9,
        "(48, 49)": 6
      },
      "24": {
        "(16, 32)": 27,
        "(0, 15)": 35,
        "(0, 1)": 15,
        "(1, 2)": 18,
        "(15, 16)": 43,
        "(32, 33)": 21,
        "(31, 47)": 30,
        "(4, 19)": 26,
        "(49, 50)": 20,
        "(2, 17)": 28,
        "(17, 18)": 25,
        "(31, 32)": 32,
        "(16, 17)": 25,
        "(4, 5)": 31,
        "(18, 19)": 23,
        "(48, 49)": 28,
        "(3, 4)": 20,
        "(18, 34)": 33,
        "(6, 7)": 28,
        "(35, 36)": 9,
        "(33, 34)": 37,
        "(6, 21)": 19,
        "(20, 36)": 21,
        "(2, 3)": 12,
        "(50, 51)": 26,
        "(35, 51)": 21,
        "(47, 48)": 11,
        "(5, 6)": 15,
        "(33, 49)": 24,
        "(20, 21)": 25,
        "(19, 20)": 19,
        "(34, 35)": 13
      },
      "32": {
        "(156, 172)": 36,
        "(154, 155)": 30,
        "(153, 154)": 25,
        "(141, 142)": 36,
        "(186, 187)": 34,
        "(187, 188)": 29,
        "(141, 157)": 19,
        "(188, 189)": 42,
        "(203, 204)": 46,
        "(202, 203)": 37,
        "(200, 201)": 48,
        "(188, 203)": 28,
        "(157, 158)": 36,
        "(170, 171)": 43,
        "(171, 187)": 27,
        "(198, 199)": 41,
        "(184, 199)": 22,
        "(186, 201)": 30,
        "(172, 173)": 37,
        "(201, 202)": 27,
        "(173, 174)": 39,
        "(199, 200)": 35,
        "(156, 157)": 55,
        "(185, 186)": 43,
        "(171, 172)": 61,
        "(184, 185)": 39,
        "(169, 185)": 21,
        "(173, 189)": 24,
        "(169, 170)": 39,
        "(137, 138)": 9,
        "(154, 170)": 34,
        "(155, 156)": 29,
        "(139, 155)": 29,
        "(189, 190)": 25,
        "(190, 205)": 23,
        "(140, 141)": 34,
        "(137, 153)": 14,
        "(139, 140)": 27,
        "(158, 174)": 17,
        "(204, 205)": 12,
        "(183, 184)": 3,
        "(138, 139)": 24,
        "(152, 153)": 12,
        "(152, 168)": 20,
        "(168, 169)": 20,
        "(167, 168)": 14,
        "(167, 183)": 3
      },
      "40": {
        "(48, 49)": 33,
        "(37, 38)": 26,
        "(8, 23)": 41,
        "(6, 21)": 32,
        "(35, 51)": 42,
        "(33, 34)": 37,
        "(48, 64)": 55,
        "(16, 32)": 64,
        "(3, 4)": 48,
        "(18, 34)": 47,
        "(52, 53)": 17,
        "(37, 53)": 37,
        "(21, 22)": 45,
        "(7, 8)": 30,
        "(32, 33)": 32,
        "(22, 38)": 28,
        "(18, 19)": 40,
        "(2, 3)": 44,
        "(6, 7)": 34,
        "(20, 36)": 39,
        "(19, 20)": 54,
        "(1, 2)": 48,
        "(64, 65)": 29,
        "(52, 68)": 36,
        "(63, 64)": 53,
        "(8, 9)": 28,
        "(34, 35)": 25,
        "(17, 18)": 47,
        "(5, 6)": 35,
        "(22, 23)": 43,
        "(67, 68)": 24,
        "(20, 21)": 49,
        "(2, 17)": 32,
        "(15, 16)": 41,
        "(51, 52)": 34,
        "(0, 15)": 42,
        "(50, 66)": 42,
        "(33, 49)": 35,
        "(16, 17)": 30,
        "(4, 19)": 24,
        "(4, 5)": 31,
        "(35, 36)": 40,
        "(50, 51)": 43,
        "(66, 67)": 40,
        "(65, 66)": 17,
        "(47, 48)": 20,
        "(49, 50)": 16,
        "(31, 47)": 26,
        "(31, 32)": 19,
        "(0, 1)": 12,
        "(36, 37)": 12
      },
      "48": {
        "(202, 203)": 36,
        "(200, 201)": 35,
        "(173, 189)": 56,
        "(198, 199)": 47,
        "(156, 157)": 45,
        "(137, 153)": 64,
        "(151, 152)": 38,
        "(152, 168)": 64,
        "(126, 142)": 30,
        "(140, 141)": 47,
        "(154, 155)": 72,
        "(189, 190)": 45,
        "(190, 205)": 38,
        "(188, 189)": 44,
        "(188, 203)": 26,
        "(199, 200)": 34,
        "(155, 156)": 44,
        "(169, 185)": 64,
        "(184, 185)": 65,
        "(139, 140)": 44,
        "(169, 170)": 59,
        "(172, 173)": 38,
        "(187, 188)": 46,
        "(124, 140)": 34,
        "(197, 198)": 37,
        "(182, 183)": 41,
        "(182, 197)": 34,
        "(196, 197)": 22,
        "(152, 153)": 45,
        "(125, 126)": 18,
        "(157, 158)": 38,
        "(201, 202)": 43,
        "(165, 166)": 9,
        "(122, 138)": 45,
        "(150, 166)": 18,
        "(141, 157)": 50,
        "(135, 151)": 29,
        "(171, 172)": 59,
        "(136, 137)": 16,
        "(156, 172)": 68,
        "(138, 139)": 28,
        "(183, 184)": 18,
        "(186, 187)": 51,
        "(186, 201)": 23,
        "(153, 154)": 37,
        "(154, 170)": 67,
        "(123, 124)": 42,
        "(137, 138)": 70,
        "(141, 142)": 48,
        "(150, 151)": 26,
        "(181, 182)": 11,
        "(167, 168)": 54,
        "(173, 174)": 44,