{
  "QAOA_Vanilla": {
    "duration": {
      "8": 66.00000355199998,
      "16": 398.00000355199995,
      "24": 861.0000035519998,
      "32": 1413.0000035519997,
      "48": 2969.0000035519997,
      "64": 5816.000003551999,
      "80": 8166.000003551999
    },
    "gate_count": {
      "8": {
        "measure": 8,
        "riswap": 115,
        "rz": 568,
        "sx": 345,
        "x": 4
      },
      "16": {
        "measure": 16,
        "riswap": 682,
        "sx": 2040,
        "rz": 3353,
        "x": 35
      },
      "24": {
        "measure": 24,
        "riswap": 1963,
        "rz": 9776,
        "sx": 6041,
        "x": 65
      },
      "32": {
        "measure": 32,
        "riswap": 3309,
        "rz": 16323,
        "sx": 10058,
        "x": 118
      },
      "48": {
        "measure": 48,
        "riswap": 9040,
        "rz": 44947,
        "sx": 27937,
        "x": 287
      },
      "64": {
        "measure": 64,
        "riswap": 16961,
        "rz": 84348,
        "sx": 52543,
        "x": 521
      },
      "80": {
        "measure": 80,
        "riswap": 30428,
        "sx": 95071,
        "rz": 151969,
        "x": 825
      }
    },
    "gate_count_crit": {},
    "layout_score": {
      "8": 40.0,
      "16": 272.0,
      "24": 824.0,
      "32": 1568.0,
      "48": 4400.0,
      "64": 8256.0,
      "80": 14672.0
    }
  },
  "Diameter": 7.0,
  "Avg_Distance": 3.5,
  "Degree": 7.0
}