{
  "QAOA_Vanilla": {
    "duration": {
      "8": 84.00000355199998,
      "16": 305.00000355199995,
      "24": 590.0000035519998,
      "32": 805.0000035519998,
      "48": 1726.0000035519997,
      "64": 2759.000007104,
      "80": 3464.0000035519997
    },
    "gate_count": {
      "8": {
        "measure": 8,
        "riswap": 148,
        "sx": 468,
        "rz": 756,
        "x": 2
      },
      "16": {
        "measure": 16,
        "riswap": 758,
        "rz": 3877,
        "sx": 2422,
        "x": 22
      },
      "24": {
        "measure": 24,
        "riswap": 2120,
        "sx": 6813,
        "rz": 10893,
        "x": 61
      },
      "32": {
        "measure": 32,
        "riswap": 3720,
        "rz": 19018,
        "sx": 11851,
        "x": 95
      },
      "48": {
        "measure": 48,
        "riswap": 10068,
        "rz": 51540,
        "sx": 32303,
        "x": 241
      },
      "64": {
        "measure": 64,
        "riswap": 18728,
        "sx": 60526,
        "rz": 96252,
        "x": 382
      },
      "80": {
        "measure": 80,
        "riswap": 32455,
        "rz": 166463,
        "sx": 104758,
        "x": 607
      }
    },
    "gate_count_crit": {},
    "layout_score": {
      "8": 40.0,
      "16": 272.0,
      "24": 824.0,
      "32": 1568.0,
      "48": 4400.0,
      "64": 8256.0,
      "80": 14672.0
    }
  },
  "Diameter": 7.0,
  "Avg_Distance": 3.5,
  "Degree": 7.0
}