{
  "Quantum_Volume": {
    "duration": {
      "8": 29.999999999999996,
      "16": 215.99999999999997,
      "24": 152.99999999999997,
      "32": 346.99999999999994,
      "40": 400.99999999999994,
      "48": 400.99999999999994,
      "56": 484.99999999999994,
      "64": 538.9999999999999,
      "72": 570.9999999999999,
      "80": 673.9999999999999
    },
    "preswap_gate_count": {
      "8": {
        "rz": 204,
        "sx": 160,
        "swap": 17,
        "rzx": 36
      },
      "16": {
        "rz": 513,
        "sx": 404,
        "swap": 196,
        "rzx": 93
      },
      "24": {
        "rz": 777,
        "sx": 612,
        "swap": 201,
        "rzx": 141
      },
      "32": {
        "rz": 1041,
        "sx": 820,
        "swap": 603,
        "rzx": 189
      },
      "40": {
        "rz": 1290,
        "sx": 1016,
        "swap": 699,
        "rzx": 234
      },
      "48": {
        "rz": 1539,
        "sx": 1212,
        "swap": 834,
        "rzx": 279
      },
      "56": {
        "rz": 1833,
        "sx": 1444,
        "swap": 1109,
        "rzx": 333
      },
      "64": {
        "rz": 2112,
        "sx": 1664,
        "swap": 1249,
        "rzx": 384
      },
      "72": {
        "rz": 2361,
        "sx": 1860,
        "swap": 1532,
        "rzx": 429
      },
      "80": {
        "rz": 2625,
        "sx": 2068,
        "swap": 1816,
        "rzx": 477
      }
    },
    "preswap_gate_count_crit": {
      "8": {
        "rz": 39,
        "sx": 26,
        "swap": 7,
        "rzx": 12
      },
      "16": {
        "rz": 37,
        "sx": 26,
        "swap": 58,
        "rzx": 27
      },
      "24": {
        "rz": 39,
        "sx": 26,
        "swap": 43,
        "rzx": 21
      },
      "32": {
        "rz": 36,
        "sx": 26,
        "swap": 104,
        "rzx": 28
      },
      "40": {
        "rz": 38,
        "sx": 26,
        "swap": 117,
        "rzx": 34
      },
      "48": {
        "rz": 38,
        "sx": 26,
        "swap": 119,
        "rzx": 33
      },
      "56": {
        "rz": 38,
        "sx": 26,
        "swap": 143,
        "rzx": 32
      },
      "64": {
        "rz": 38,
        "sx": 26,
        "swap": 165,
        "rzx": 41
      },
      "72": {
        "rz": 38,
        "sx": 26,
        "swap": 174,
        "rzx": 37
      },
      "80": {
        "rz": 38,
        "sx": 26,
        "swap": 203,
        "rzx": 40
      }
    },
    "layout_score": {
      "8": 72.0,
      "16": 246.0,
      "24": 492.0,
      "32": 897.0,
      "40": 1356.0,
      "48": 1539.0,
      "56": 2187.0,
      "64": 2562.0,
      "72": 3045.0,
      "80": 3519.0
    },
    "edge_frequency": {
      "8": {
        "(8, 79)": 3,
        "(50, 74)": 12,
        "(8, 80)": 6,
        "(7, 49)": 9,
        "(0, 49)": 9,
        "(7, 79)": 6,
        "(50, 80)": 6,
        "(1, 73)": 15,
        "(1, 74)": 15,
        "(0, 73)": 3
      },
      "16": {
        "(2, 74)": 39,
        "(2, 75)": 44,
        "(0, 73)": 33,
        "(9, 80)": 35,
        "(1, 74)": 35,
        "(53, 79)": 48,
        "(7, 79)": 49,
        "(8, 80)": 45,
        "(50, 74)": 30,
        "(50, 80)": 35,
        "(0, 49)": 30,
        "(1, 73)": 50,
        "(7, 49)": 36,
        "(8, 79)": 48,
        "(14, 85)": 54,
        "(53, 85)": 57
      },
      "24": {
        "(0, 49)": 21,
        "(15, 85)": 19,
        "(14, 57)": 27,
        "(2, 74)": 26,
        "(53, 79)": 30,
        "(9, 81)": 17,
        "(50, 74)": 28,
        "(7, 49)": 20,
        "(8, 79)": 40,
        "(53, 85)": 52,
        "(7, 79)": 27,
        "(9, 80)": 23,
        "(16, 86)": 13,
        "(14, 85)": 24,
        "(51, 82)": 19,
        "(54, 81)": 18,
        "(15, 86)": 22,
        "(1, 74)": 18,
        "(0, 73)": 16,
        "(8, 80)": 40,
        "(3, 76)": 17,
        "(50, 80)": 45,
        "(10, 81)": 25,
        "(54, 87)": 20,
        "(10, 82)": 23,
        "(16, 87)": 11,
        "(51, 76)": 19,
        "(3, 75)": 19,
        "(1, 73)": 15,
        "(2, 75)": 15
      },
      "32": {
        "(58, 92)": 25,
        "(14, 57)": 59,
        "(14, 85)": 63,
        "(2, 74)": 46,
        "(50, 74)": 51,
        "(16, 86)": 58,
        "(7, 79)": 86,
        "(53, 79)": 66,
        "(15, 86)": 47,
        "(10, 81)": 88,
        "(7, 49)": 80,
        "(8, 80)": 64,
        "(50, 80)": 37,
        "(51, 82)": 74,
        "(1, 74)": 56,
        "(54, 87)": 75,
        "(15, 85)": 61,
        "(51, 76)": 54,
        "(9, 80)": 49,
        "(1, 73)": 36,
        "(8, 79)": 68,
        "(3, 76)": 41,
        "(10, 82)": 93,
        "(2, 75)": 53,
        "(58, 86)": 80,
        "(9, 81)": 36,
        "(54, 81)": 75,
        "(53, 85)": 64,
        "(0, 49)": 47,
        "(3, 75)": 33,
        "(4, 76)": 44,
        "(16, 87)": 66,
        "(0, 73)": 43,
        "(22, 92)": 23,
        "(22, 91)": 14,
        "(21, 91)": 12,
        "(21, 57)": 12
      },
      "40": {
        "(8, 79)": 58,
        "(3, 76)": 51,
        "(3, 75)": 48,
        "(11, 83)": 15,
        "(4, 76)": 42,
        "(16, 87)": 85,
        "(16, 86)": 94,
        "(58, 86)": 89,
        "(0, 73)": 26,
        "(53, 79)": 67,
        "(5, 78)": 3,
        "(11, 82)": 54,
        "(58, 92)": 99,
        "(4, 77)": 37,
        "(17, 87)": 34,
        "(21, 91)": 40,
        "(22, 91)": 43,
        "(10, 81)": 65,
        "(14, 85)": 58,
        "(54, 81)": 76,
        "(8, 80)": 36,
        "(2, 75)": 50,
        "(10, 82)": 76,
        "(54, 87)": 66,
        "(22, 92)": 64,
        "(50, 74)": 47,
        "(23, 92)": 57,
        "(51, 76)": 48,
        "(50, 80)": 44,
        "(51, 82)": 57,
        "(15, 86)": 66,
        "(15, 85)": 57,
        "(53, 85)": 51,
        "(7, 49)": 60,
        "(7, 79)": 59,
        "(61, 91)": 37,
        "(9, 80)": 34,
        "(9, 81)": 55,
        "(0, 49)": 28,
        "(2, 74)": 31,
        "(1, 74)": 21,
        "(21, 57)": 30,
        "(14, 57)": 48,
        "(5, 77)": 6,
        "(1, 73)": 37,
        "(52, 78)": 3,
        "(52, 84)": 3,
        "(12, 83)": 9,
        "(12, 84)": 6,
        "(17, 88)": 9,
        "(55, 83)": 9,
        "(18, 88)": 8,
        "(18, 89)": 9,
        "(55, 89)": 6
      },
      "48": {
        "(16, 87)": 58,
        "(10, 82)": 65,
        "(51, 76)": 72,
        "(7, 79)": 64,
        "(3, 75)": 40,
        "(4, 77)": 48,
        "(53, 79)": 87,
        "(51, 82)": 66,
        "(22, 92)": 42,
        "(5, 77)": 22,
        "(59, 94)": 32,
        "(54, 81)": 63,
        "(9, 80)": 44,
        "(4, 76)": 62,
        "(1, 73)": 37,
        "(2, 75)": 51,
        "(24, 94)": 22,
        "(50, 80)": 55,
        "(9, 81)": 53,
        "(0, 49)": 48,
        "(58, 92)": 75,
        "(10, 81)": 67,
        "(61, 91)": 46,
        "(8, 80)": 49,
        "(17, 87)": 23,
        "(0, 73)": 32,
        "(21, 57)": 40,
        "(59, 88)": 31,
        "(1, 74)": 30,
        "(17, 88)": 24,
        "(11, 83)": 40,
        "(53, 85)": 82,
        "(21, 91)": 36,
        "(58, 86)": 89,
        "(22, 91)": 50,
        "(12, 84)": 28,
        "(54, 87)": 61,
        "(14, 85)": 58,
        "(18, 88)": 39,
        "(50, 74)": 48,
        "(12, 83)": 32,
        "(8, 79)": 61,
        "(11, 82)": 52,
        "(2, 74)": 52,
        "(16, 86)": 80,
        "(23, 93)": 37,
        "(15, 85)": 45,
        "(3, 76)": 50,
        "(55, 89)": 35,
        "(15, 86)": 38,
        "(7, 49)": 37,
        "(61, 97)": 29,
        "(14, 57)": 60,
        "(55, 83)": 34,
        "(18, 89)": 55,
        "(52, 84)": 6,
        "(24, 93)": 23,
        "(23, 92)": 46,
        "(52, 78)": 6,
        "(5, 78)": 6
      },
      "56": {
        "(35, 65)": 10,
        "(41, 108)": 62,
        "(67, 100)": 64,
        "(43, 110)": 67,
        "(63, 95)": 53,
        "(40, 108)": 57,
        "(31, 100)": 70,
        "(45, 111)": 49,
        "(33, 102)": 61,
        "(32, 100)": 69,
        "(63, 101)": 74,
        "(71, 107)": 94,