{
  "Diameter": 5.0,
  "Avg_Distance": 3.6547619047619047,
  "Degree": 7.0,
  "Avg_Connectivity": 4.714285714285714,
  "QAOA_Vanilla": {
    "duration": {},
    "gate_count": {
      "8": {
        "rz": 226,
        "sx": 131,
        "cx": 56,
        "x": 45,
        "swap": 13,
        "measure": 8
      },
      "16": {
        "rz": 870,
        "sx": 481,
        "swap": 199,
        "cx": 240,
        "x": 219,
        "measure": 16
      },
      "24": {
        "rz": 1950,
        "sx": 1098,
        "swap": 576,
        "cx": 552,
        "x": 512,
        "measure": 24
      },
      "32": {
        "rz": 3491,
        "sx": 1953,
        "swap": 1193,
        "cx": 992,
        "x": 931,
        "measure": 32
      },
      "48": {
        "rz": 7711,
        "sx": 4235,
        "swap": 3687,
        "cx": 2256,
        "x": 2213,
        "measure": 48
      },
      "64": {
        "rz": 13707,
        "sx": 7552,
        "swap": 7268,
        "cx": 4032,
        "x": 3957,
        "measure": 64
      },
      "80": {
        "rz": 21501,
        "sx": 11820,
        "swap": 12783,
        "cx": 6320,
        "x": 6232,
        "measure": 80
      }
    },
    "gate_count_crit": {
      "8": {
        "rz": 87,
        "sx": 58,
        "cx": 35,
        "swap": 8,
        "x": 6,
        "measure": 1
      },
      "16": {
        "rz": 193,
        "sx": 110,
        "swap": 78,
        "cx": 109,
        "x": 29,
        "measure": 1
      },
      "24": {
        "rz": 264,
        "sx": 162,
        "swap": 170,
        "cx": 188,
        "x": 53,
        "measure": 1
      },
      "32": {
        "rz": 382,
        "sx": 235,
        "swap": 323,
        "cx": 265,
        "x": 60,
        "measure": 1
      },
      "48": {
        "rz": 497,
        "sx": 300,
        "swap": 784,
        "cx": 510,
        "x": 144,
        "measure": 1
      },
      "64": {
        "rz": 624,
        "sx": 366,
        "swap": 1323,
        "cx": 791,
        "x": 200,
        "measure": 1
      },
      "80": {
        "rz": 734,
        "sx": 422,
        "swap": 2040,
        "cx": 1070,
        "x": 277,
        "measure": 1
      }
    },
    "layout_score": {
      "8": 28.0,
      "16": 260.0,
      "24": 728.0,
      "32": 1622.0,
      "48": 4956.0,
      "64": 10012.0,
      "80": 16876.0
    }
  },
  "QFT": {
    "duration": {},
    "gate_count": {
      "8": {
        "sx": 158,
        "rz": 293,
        "cx": 68,
        "x": 50,
        "swap": 25
      },
      "16": {
        "rz": 1093,
        "sx": 570,
        "cx": 262,
        "x": 224,
        "swap": 246
      },
      "24": {
        "rz": 2061,
        "sx": 1066,
        "cx": 498,
        "x": 440,
        "swap": 501
      },
      "32": {
        "rz": 3029,
        "sx": 1562,
        "cx": 734,
        "x": 656,
        "swap": 762
      },
      "48": {
        "rz": 4965,
        "sx": 2554,
        "cx": 1206,
        "x": 1088,
        "swap": 1318
      },
      "64": {
        "rz": 6901,
        "sx": 3546,
        "cx": 1678,
        "x": 1520,
        "swap": 1848
      },
      "80": {
        "rz": 8837,
        "sx": 4538,
        "cx": 2150,
        "x": 1952,
        "swap": 2442
      }
    },
    "gate_count_crit": {
      "8": {
        "sx": 47,
        "rz": 76,
        "cx": 29,
        "swap": 14,
        "x": 6
      },
      "16": {
        "sx": 73,
        "rz": 136,
        "cx": 81,
        "x": 35,
        "swap": 72
      },
      "24": {
        "sx": 114,
        "rz": 199,
        "cx": 134,
        "swap": 139,
        "x": 51
      },
      "32": {
        "sx": 141,
        "rz": 267,
        "cx": 180,
        "x": 80,
        "swap": 198
      },
      "48": {
        "sx": 207,
        "rz": 396,
        "cx": 275,
        "swap": 324,
        "x": 126
      },
      "64": {
        "sx": 289,
        "rz": 530,
        "cx": 366,
        "swap": 464,
        "x": 155
      },
      "80": {
        "sx": 358,
        "rz": 665,
        "cx": 459,
        "swap": 587,
        "x": 197
      }
    },
    "layout_score": {
      "8": 40.0,
      "16": 289.0,
      "24": 611.0,
      "32": 1084.0,
      "48": 2469.0,
      "64": 3866.0,
      "80": 4942.0
    }
  },
  "TIM_Hamiltonian": {
    "duration": {},
    "gate_count": {
      "8": {
        "rz": 347,
        "sx": 212,
        "cx": 70,
        "x": 42,
        "swap": 21,
        "measure": 8
      },
      "16": {
        "rz": 747,
        "sx": 452,
        "cx": 150,
        "x": 90,
        "swap": 66,
        "measure": 16
      },
      "24": {
        "rz": 1147,
        "sx": 692,
        "swap": 157,
        "cx": 230,
        "x": 138,
        "measure": 24
      },
      "32": {
        "rz": 1547,
        "sx": 932,
        "swap": 144,
        "cx": 310,
        "x": 186,
        "measure": 32
      },
      "48": {
        "rz": 2347,
        "sx": 1412,
        "swap": 241,
        "cx": 470,
        "x": 282,
        "measure": 48
      },
      "64": {
        "rz": 3147,
        "sx": 1892,
        "swap": 451,
        "cx": 630,
        "x": 378,
        "measure": 64
      },
      "80": {
        "rz": 3947,
        "sx": 2372,
        "swap": 564,
        "cx": 790,
        "x": 474,
        "measure": 80
      }
    },
    "gate_count_crit": {
      "8": {
        "rz": 92,
        "sx": 62,
        "cx": 30,
        "swap": 12,
        "measure": 1
      },
      "16": {
        "rz": 140,
        "sx": 94,
        "cx": 48,
        "swap": 18,
        "measure": 1
      },
      "24": {
        "rz": 188,
        "sx": 126,
        "swap": 56,
        "cx": 79,
        "measure": 1
      },
      "32": {
        "rz": 236,
        "sx": 158,
        "swap": 47,
        "cx": 81,
        "measure": 1
      },
      "48": {
        "rz": 330,
        "sx": 220,
        "swap": 80,
        "cx": 119,
        "x": 1,
        "measure": 1
      },
      "64": {
        "rz": 426,
        "sx": 284,
        "swap": 119,
        "cx": 162,
        "x": 1,
        "measure": 1
      },
      "80": {
        "rz": 521,
        "sx": 348,
        "swap": 173,
        "cx": 208,
        "x": 1,
        "measure": 1
      }
    },
    "layout_score": {
      "8": 40.0,
      "16": 130.0,
      "24": 210.0,
      "32": 340.0,
      "48": 570.0,
      "64": 820.0,
      "80": 1070.0
    }
  },
  "Quantum_Volume": {
    "duration": {},
    "gate_count": {
      "8": {
        "rz": 245,
        "sx": 172,
        "swap": 5,
        "cx": 39
      },
      "16": {
        "rz": 541,
        "sx": 380,
        "cx": 87,
        "swap": 88
      },
      "24": {
        "rz": 871,
        "sx": 612,
        "cx": 141,
        "swap": 179
      },
      "32": {
        "rz": 1150,
        "sx": 808,
        "swap": 300,
        "cx": 186
      },
      "48": {
        "rz": 1708,
        "sx": 1200,
        "swap": 553,
        "cx": 276
      },
      "64": {
        "rz": 2334,
        "sx": 1640,
        "swap": 825,
        "cx": 378
      },
      "80": {
        "rz": 2943,
        "sx": 2068,
        "swap": 1152,
        "cx": 477
      }
    },
    "gate_count_crit": {
      "8": {
        "rz": 39,
        "sx": 26,
        "swap": 3,
        "cx": 12
      },
      "16": {
        "rz": 38,
        "sx": 26,
        "cx": 34,
        "swap": 32
      },
      "24": {
        "rz": 38,
        "sx": 26,
        "swap": 37,
        "cx": 34
      },
      "32": {
        "rz": 36,
        "sx": 26,
        "swap": 58,
        "cx": 44
      },
      "48": {
        "rz": 39,
        "sx": 26,
        "swap": 85,
        "cx": 62
      },
      "64": {
        "rz": 37,
        "sx": 26,
        "swap": 108,
        "cx": 79
      },
      "80": {
        "rz": 38,
        "sx": 26,
        "swap": 134,
        "cx": 95
      }
    },
    "layout_score": {
      "8": 27.0,
      "16": 78.0,
      "24": 189.0,
      "32": 324.0,
      "48": 630.0,