{
  "Randomized_QC": {
    "duration": {
      "8": 89.99999999999999,
      "16": 201.99999999999997,
      "24": 301.99999999999994,
      "32": 381.99999999999994,
      "48": 485.99999999999994,
      "64": 727.9999999999999,
      "80": 903.9999999999999
    },
    "gate_count": {
      "8": {
        "rzx": 101,
        "sx": 323,
        "rz": 486,
        "x": 11
      },
      "16": {
        "rzx": 293,
        "sx": 905,
        "rz": 1360,
        "x": 22
      },
      "24": {
        "rzx": 707,
        "rz": 3228,
        "sx": 2168,
        "x": 32
      },
      "32": {
        "rzx": 971,
        "rz": 4452,
        "sx": 2997,
        "x": 49
      },
      "48": {
        "rzx": 1953,
        "rz": 8858,
        "sx": 6013,
        "x": 64
      },
      "64": {
        "rzx": 3171,
        "sx": 9765,
        "rz": 14252,
        "x": 80
      },
      "80": {
        "rzx": 4486,
        "rz": 20153,
        "sx": 13882,
        "x": 87
      }
    },
    "gate_count_crit": {},
    "layout_score": {
      "8": 24.0,
      "16": 65.0,
      "24": 197.0,
      "32": 317.0,
      "48": 562.0,
      "64": 978.0,
      "80": 1442.0
    }
  },
  "QAOA_Vanilla": {
    "duration": {
      "8": 142.00000355199998,
      "16": 620.0000071039998,
      "24": 1480.0000071039997,
      "32": 2506.000010656,
      "48": 5226.0000071039985,
      "64": 9444.000007104,
      "80": 14734.000007104
    },
    "gate_count": {
      "8": {
        "measure": 8,
        "rzx": 138,
        "rz": 638,
        "sx": 412,
        "x": 28
      },
      "16": {
        "measure": 16,
        "rzx": 782,
        "sx": 2341,
        "rz": 3525,
        "x": 90
      },
      "24": {
        "measure": 24,
        "rzx": 2449,
        "sx": 7381,
        "rz": 10979,
        "x": 192
      },
      "32": {
        "measure": 32,
        "rzx": 5341,
        "rz": 23838,
        "sx": 16042,
        "x": 341
      },
      "48": {
        "measure": 48,
        "rzx": 13824,
        "rz": 61514,
        "sx": 41660,
        "x": 670
      },
      "64": {
        "measure": 64,
        "rzx": 29849,
        "sx": 90205,
        "rz": 132263,
        "x": 1182
      },
      "80": {
        "measure": 80,
        "rzx": 54233,
        "rz": 239797,
        "sx": 164697,
        "x": 1689
      }
    },
    "gate_count_crit": {},
    "layout_score": {
      "8": 28.0,
      "16": 248.0,
      "24": 846.0,
      "32": 1908.0,
      "48": 5362.0,
      "64": 11868.0,
      "80": 22038.0
    }
  },
  "QFT": {
    "duration": {
      "8": 167.99999999999997,
      "16": 629.9999999999999,
      "24": 1153.9999999999998,
      "32": 1519.9999999999998,
      "48": 2425.9999999999995,
      "64": 3523.9999999999995,
      "80": 4451.999999999999
    },
    "gate_count": {
      "8": {
        "rzx": 154,
        "rz": 719,
        "sx": 475,
        "x": 19
      },
      "16": {
        "rzx": 1034,
        "sx": 3200,
        "rz": 4839,
        "x": 64
      },
      "24": {
        "rzx": 2104,
        "rz": 9763,
        "sx": 6487,
        "x": 115
      },
      "32": {
        "rzx": 3363,
        "sx": 10268,
        "rz": 15459,
        "x": 147
      },
      "48": {
        "rzx": 5731,
        "sx": 17592,
        "rz": 26345,
        "x": 272
      },
      "64": {
        "rzx": 8047,
        "rz": 37092,
        "sx": 24779,
        "x": 349
      },
      "80": {
        "rzx": 10589,
        "sx": 32401,
        "rz": 48534,
        "x": 463
      }
    },
    "gate_count_crit": {},
    "layout_score": {
      "8": 34.0,
      "16": 274.0,
      "24": 670.0,
      "32": 1164.0,
      "48": 2208.0,
      "64": 3644.0,
      "80": 5890.0
    }
  },
  "TIM_Hamiltonian": {
    "duration": {
      "8": 90.00000355199998,
      "16": 188.00000355199998,
      "24": 306.000010656,
      "32": 420.00000355199995,
      "48": 594.0000177599999,
      "64": 806.0000106559997,
      "80": 1078.0000142079996
    },
    "gate_count": {
      "8": {
        "measure": 8,
        "rzx": 105,
        "sx": 305,
        "rz": 486,
        "x": 41
      },
      "16": {
        "measure": 16,
        "rzx": 321,
        "rz": 1469,
        "sx": 948,
        "x": 86
      },
      "24": {
        "measure": 24,
        "rzx": 549,
        "rz": 2513,
        "sx": 1630,
        "x": 125
      },
      "32": {
        "measure": 32,
        "rzx": 943,
        "rz": 4341,
        "sx": 2835,
        "x": 177
      },
      "48": {
        "measure": 48,
        "rzx": 1407,
        "sx": 4221,
        "rz": 6475,
        "x": 263
      },
      "64": {
        "measure": 64,
        "rzx": 1979,
        "rz": 9062,
        "sx": 5950,
        "x": 351
      },
      "80": {
        "measure": 80,
        "rzx": 2766,
        "sx": 8290,
        "rz": 12594,
        "x": 447
      }
    },
    "gate_count_crit": {},
    "layout_score": {
      "8": 20.0,
      "16": 60.0,
      "24": 180.0,
      "32": 270.0,
      "48": 410.0,
      "64": 590.0,
      "80": 770.0
    }
  },
  "Quantum_Volume": {
    "duration": {
      "8": 47.99999999999999,
      "16": 71.99999999999999,
      "24": 89.99999999999999,
      "32": 101.99999999999999,
      "48": 125.99999999999999,
      "64": 149.99999999999997,
      "80": 185.99999999999997
    },
    "gate_count": {
      "8": {
        "rzx": 69,
        "sx": 270,
        "rz": 359
      },
      "16": {
        "rzx": 192,
        "sx": 700,
        "rz": 957
      },
      "24": {
        "rzx": 339,
        "sx": 1208,
        "rz": 1648
      },
      "32": {
        "rzx": 555,
        "rz": 2664,
        "sx": 1930
      },
      "48": {
        "rzx": 933,
        "rz": 4417,
        "sx": 3196
      },
      "64": {
        "rzx": 1431,
        "rz": 6704,
        "sx": 4867
      },
      "80": {
        "rzx": 2214,
        "rz": 10215,
        "sx": 7416
      }
    },
    "gate_count_crit": {},
    "layout_score": {
      "8": 21.0,
      "16": 90.0,
      "24": 195.0,
      "32": 327.0,
      "48": 618.0,
      "64": 1125.0,
      "80": 1824.0
    }
  }
}