{
  "Randomized_QC": {
    "duration": {
      "8": 149.99999999999997,
      "16": 155.99999999999997,
      "24": 349.99999999999994,
      "32": 379.99999999999994,
      "48": 609.9999999999999,
      "64": 751.9999999999999,
      "80": 943.9999999999999
    },
    "gate_count": {
      "8": {
        "rzx": 140,
        "rz": 660,
        "sx": 436,
        "x": 12
      },
      "16": {
        "rzx": 264,
        "sx": 823,
        "rz": 1231,
        "x": 22
      },
      "24": {
        "rzx": 646,
        "rz": 2969,
        "sx": 1989,
        "x": 22
      },
      "32": {
        "rzx": 1051,
        "sx": 3252,
        "rz": 4805,
        "x": 35
      },
      "48": {
        "rzx": 2089,
        "rz": 9448,
        "sx": 6448,
        "x": 71
      },
      "64": {
        "rzx": 3074,
        "sx": 9443,
        "rz": 13789,
        "x": 78
      },
      "80": {
        "rzx": 4369,
        "rz": 19696,
        "sx": 13584,
        "x": 98
      }
    },
    "gate_count_crit": {},
    "layout_score": {
      "8": 24.0,
      "16": 78.0,
      "24": 178.0,
      "32": 286.0,
      "48": 585.0,
      "64": 984.0,
      "80": 1388.0
    }
  },
  "QAOA_Vanilla": {
    "duration": {
      "8": 142.00000355199998,
      "16": 652.0000035519998,
      "24": 1510.0000035519997,
      "32": 2482.0000035519997,
      "48": 5578.000003551999,
      "64": 9354.000003551999,
      "80": 14472.000007104
    },
    "gate_count": {
      "8": {
        "measure": 8,
        "rzx": 146,
        "rz": 671,
        "sx": 451,
        "x": 22
      },
      "16": {
        "measure": 16,
        "rzx": 849,
        "rz": 3815,
        "sx": 2502,
        "x": 93
      },
      "24": {
        "measure": 24,
        "rzx": 2599,
        "sx": 7780,
        "rz": 11608,
        "x": 175
      },
      "32": {
        "measure": 32,
        "rzx": 5242,
        "sx": 15800,
        "rz": 23441,
        "x": 323
      },
      "48": {
        "measure": 48,
        "rzx": 14349,
        "rz": 63698,
        "sx": 43153,
        "x": 695
      },
      "64": {
        "measure": 64,
        "rzx": 30094,
        "rz": 133094,
        "sx": 90661,
        "x": 1202
      },
      "80": {
        "measure": 80,
        "rzx": 53370,
        "rz": 235889,
        "sx": 161751,
        "x": 1780
      }
    },
    "gate_count_crit": {},
    "layout_score": {
      "8": 36.0,
      "16": 250.0,
      "24": 810.0,
      "32": 1812.0,
      "48": 5528.0,
      "64": 11632.0,
      "80": 21182.0
    }
  },
  "QFT": {
    "duration": {
      "8": 219.99999999999997,
      "16": 675.9999999999999,
      "24": 1177.9999999999998,
      "32": 1495.9999999999998,
      "48": 2545.9999999999995,
      "64": 3329.9999999999995,
      "80": 4439.999999999999
    },
    "gate_count": {
      "8": {
        "rzx": 206,
        "rz": 955,
        "sx": 617,
        "x": 18
      },
      "16": {
        "rzx": 1129,
        "sx": 3434,
        "rz": 5183,
        "x": 68
      },
      "24": {
        "rzx": 2195,
        "sx": 6717,
        "rz": 10080,
        "x": 107
      },
      "32": {
        "rzx": 3299,
        "sx": 10108,
        "rz": 15189,
        "x": 187
      },
      "48": {
        "rzx": 5777,
        "sx": 17531,
        "rz": 26345,
        "x": 278
      },
      "64": {
        "rzx": 7966,
        "rz": 36325,
        "sx": 24195,
        "x": 378
      },
      "80": {
        "rzx": 10432,
        "sx": 31679,
        "rz": 47534,
        "x": 545
      }
    },
    "gate_count_crit": {},
    "layout_score": {
      "8": 54.0,
      "16": 282.0,
      "24": 665.0,
      "32": 1123.0,
      "48": 2540.0,
      "64": 3487.0,
      "80": 4881.0
    }
  },
  "TIM_Hamiltonian": {
    "duration": {
      "8": 114.00000710399998,
      "16": 218.000007104,
      "24": 308.00000710399996,
      "32": 430.000021312,
      "48": 668.0000106559997,
      "64": 900.0000142079998,
      "80": 1046.0000106559999
    },
    "gate_count": {
      "8": {
        "measure": 8,
        "rzx": 130,
        "sx": 394,
        "rz": 614,
        "x": 39
      },
      "16": {
        "measure": 16,
        "rzx": 398,
        "sx": 1157,
        "rz": 1811,
        "x": 95
      },
      "24": {
        "measure": 24,
        "rzx": 590,
        "rz": 2690,
        "sx": 1751,
        "x": 131
      },
      "32": {
        "measure": 32,
        "rzx": 903,
        "rz": 4146,
        "sx": 2704,
        "x": 170
      },
      "48": {
        "measure": 48,
        "rzx": 1572,
        "rz": 7192,
        "sx": 4698,
        "x": 259
      },
      "64": {
        "measure": 64,
        "rzx": 2235,
        "rz": 10191,
        "sx": 6697,
        "x": 350
      },
      "80": {
        "measure": 80,
        "rzx": 2697,
        "rz": 12280,
        "sx": 8041,
        "x": 457
      }
    },
    "gate_count_crit": {},
    "layout_score": {
      "8": 10.0,
      "16": 90.0,
      "24": 150.0,
      "32": 220.0,
      "48": 490.0,
      "64": 590.0,
      "80": 840.0
    }
  },
  "Quantum_Volume": {
    "duration": {
      "8": 47.99999999999999,
      "16": 71.99999999999999,
      "24": 89.99999999999999,
      "32": 101.99999999999999,
      "48": 131.99999999999997,
      "64": 161.99999999999997,
      "80": 179.99999999999997
    },
    "gate_count": {
      "8": {
        "rzx": 78,
        "sx": 300,
        "rz": 399
      },
      "16": {
        "rzx": 210,
        "rz": 1024,
        "sx": 748
      },
      "24": {
        "rzx": 369,
        "sx": 1294,
        "rz": 1776
      },
      "32": {
        "rzx": 534,
        "rz": 2546,
        "sx": 1853
      },
      "48": {
        "rzx": 912,
        "sx": 3119,
        "rz": 4308
      },
      "64": {
        "rzx": 1410,
        "rz": 6592,
        "sx": 4774
      },
      "80": {
        "rzx": 2163,
        "sx": 7217,
        "rz": 9960
      }
    },
    "gate_count_crit": {},
    "layout_score": {
      "8": 18.0,
      "16": 93.0,
      "24": 192.0,
      "32": 306.0,
      "48": 672.0,
      "64": 1047.0,
      "80": 1593.0
    }
  }
}