{
  "Randomized_QC": {
    "duration": {
      "8": 167.99999999999997,
      "16": 295.99999999999994,
      "24": 419.99999999999994,
      "32": 593.9999999999999,
      "48": 881.9999999999999,
      "64": 963.9999999999999,
      "80": 1205.9999999999998
    },
    "gate_count": {
      "8": {
        "rzx": 149,
        "sx": 463,
        "rz": 696,
        "x": 12
      },
      "16": {
        "rzx": 403,
        "rz": 1857,
        "sx": 1256,
        "x": 17
      },
      "24": {
        "rzx": 834,
        "rz": 3788,
        "sx": 2545,
        "x": 22
      },
      "32": {
        "rzx": 1317,
        "rz": 5920,
        "sx": 3995,
        "x": 57
      },
      "48": {
        "rzx": 2695,
        "rz": 12133,
        "sx": 8224,
        "x": 56
      },
      "64": {
        "rzx": 3701,
        "sx": 11312,
        "rz": 16589,
        "x": 95
      },
      "80": {
        "rzx": 5736,
        "sx": 17510,
        "rz": 25460,
        "x": 114
      }
    },
    "gate_count_crit": {},
    "layout_score": {
      "8": 46.0,
      "16": 164.0,
      "24": 295.0,
      "32": 548.0,
      "48": 1182.0,
      "64": 1754.0,
      "80": 2664.0
    }
  },
  "QAOA_Vanilla": {
    "duration": {
      "8": 234.00000355199998,
      "16": 912.0000035519998,
      "24": 2136.000010656,
      "32": 3526.0000035519997,
      "48": 8068.000003551999,
      "64": 13264.000010656,
      "80": 20338.000010655993
    },
    "gate_count": {
      "8": {
        "measure": 8,
        "rzx": 222,
        "sx": 689,
        "rz": 1029,
        "x": 17
      },
      "16": {
        "measure": 16,
        "rzx": 1196,
        "rz": 5342,
        "sx": 3626,
        "x": 78
      },
      "24": {
        "measure": 24,
        "rzx": 3469,
        "sx": 10631,
        "rz": 15523,
        "x": 157
      },
      "32": {
        "measure": 32,
        "rzx": 6881,
        "rz": 30569,
        "sx": 20828,
        "x": 291
      },
      "48": {
        "measure": 48,
        "rzx": 19611,
        "sx": 58732,
        "rz": 86469,
        "x": 665
      },
      "64": {
        "measure": 64,
        "rzx": 38525,
        "rz": 170136,
        "sx": 116947,
        "x": 1027
      },
      "80": {
        "measure": 80,
        "rzx": 67562,
        "rz": 297377,
        "sx": 203158,
        "x": 1773
      }
    },
    "gate_count_crit": {},
    "layout_score": {
      "8": 82.0,
      "16": 538.0,
      "24": 1594.0,
      "32": 3352.0,
      "48": 10344.0,
      "64": 20678.0,
      "80": 36800.0
    }
  },
  "QFT": {
    "duration": {
      "8": 247.99999999999997,
      "16": 789.9999999999999,
      "24": 1347.9999999999998,
      "32": 1751.9999999999998,
      "48": 2811.9999999999995,
      "64": 3861.9999999999995,
      "80": 5125.999999999999
    },
    "gate_count": {
      "8": {
        "rzx": 246,
        "sx": 768,
        "rz": 1144,
        "x": 15
      },
      "16": {
        "rzx": 1004,
        "sx": 3105,
        "rz": 4596,
        "x": 48
      },
      "24": {
        "rzx": 2070,
        "sx": 6537,
        "rz": 9622,
        "x": 85
      },
      "32": {
        "rzx": 3046,
        "sx": 9456,
        "rz": 13930,
        "x": 148
      },
      "48": {
        "rzx": 5147,
        "sx": 15889,
        "rz": 23498,
        "x": 265
      },
      "64": {
        "rzx": 7277,
        "sx": 22390,
        "rz": 33132,
        "x": 353
      },
      "80": {
        "rzx": 9869,
        "rz": 44927,
        "sx": 30313,
        "x": 465
      }
    },
    "gate_count_crit": {},
    "layout_score": {
      "8": 103.0,
      "16": 589.0,
      "24": 1241.0,
      "32": 1998.0,
      "48": 3446.0,
      "64": 5759.0,
      "80": 8748.0
    }
  },
  "TIM_Hamiltonian": {
    "duration": {
      "8": 168.00000355199998,
      "16": 340.00000710399996,
      "24": 546.0000106559999,
      "32": 636.0000177599998,
      "48": 996.0000071039998,
      "64": 1322.000007104,
      "80": 1760.0000035519997
    },
    "gate_count": {
      "8": {
        "measure": 8,
        "rzx": 176,
        "rz": 817,
        "sx": 537,
        "x": 31
      },
      "16": {
        "measure": 16,
        "rzx": 365,
        "sx": 1073,
        "rz": 1674,
        "x": 78
      },
      "24": {
        "measure": 24,
        "rzx": 643,
        "rz": 2966,
        "sx": 1955,
        "x": 102
      },
      "32": {
        "measure": 32,
        "rzx": 980,
        "sx": 2926,
        "rz": 4469,
        "x": 177
      },
      "48": {
        "measure": 48,
        "rzx": 1497,
        "rz": 6776,
        "sx": 4440,
        "x": 256
      },
      "64": {
        "measure": 64,
        "rzx": 2321,
        "rz": 10406,
        "sx": 6755,
        "x": 352
      },
      "80": {
        "measure": 80,
        "rzx": 3518,
        "sx": 10265,
        "rz": 15781,
        "x": 453
      }
    },
    "gate_count_crit": {},
    "layout_score": {
      "8": 110.0,
      "16": 220.0,
      "24": 350.0,
      "32": 490.0,
      "48": 890.0,
      "64": 1270.0,
      "80": 1760.0
    }
  },
  "Quantum_Volume": {
    "duration": {
      "8": 175.99999999999997,
      "16": 293.99999999999994,
      "24": 519.9999999999999,
      "32": 517.9999999999999,
      "48": 803.9999999999999,
      "64": 897.9999999999999,
      "80": 1173.9999999999998
    },
    "gate_count": {
      "8": {
        "rzx": 142,
        "sx": 465,
        "rz": 687,
        "x": 5
      },
      "16": {
        "rzx": 457,
        "rz": 2109,
        "sx": 1424,
        "x": 7
      },
      "24": {
        "rzx": 1046,
        "rz": 4860,
        "sx": 3347,
        "x": 9
      },
      "32": {
        "rzx": 1353,
        "sx": 4265,
        "rz": 6162,
        "x": 6
      },
      "48": {
        "rzx": 2451,
        "rz": 11040,
        "sx": 7580,
        "x": 15
      },
      "64": {
        "rzx": 3547,
        "sx": 11037,
        "rz": 15948,
        "x": 22
      },
      "80": {
        "rzx": 4918,
        "rz": 22025,
        "sx": 15113,
        "x": 28
      }
    },
    "gate_count_crit": {},
    "layout_score": {
      "8": 30.0,
      "16": 171.0,
      "24": 387.0,
      "32": 588.0,
      "48": 1230.0,
      "64": 1869.0,
      "80": 2667.0
    }
  }
}