{
  "Randomized_QC": {
    "duration": {
      "8": 115.99999999999999,
      "16": 275.99999999999994,
      "24": 473.99999999999994,
      "32": 595.9999999999999,
      "48": 827.9999999999999,
      "64": 1087.9999999999998,
      "80": 1359.9999999999998
    },
    "gate_count": {
      "8": {
        "rzx": 122,
        "rz": 567,
        "sx": 372,
        "x": 12
      },
      "16": {
        "rzx": 433,
        "rz": 1971,
        "sx": 1332,
        "x": 18
      },
      "24": {
        "rzx": 851,
        "sx": 2677,
        "rz": 3915,
        "x": 21
      },
      "32": {
        "rzx": 1448,
        "rz": 6577,
        "sx": 4508,
        "x": 35
      },
      "48": {
        "rzx": 2566,
        "rz": 11572,
        "sx": 7983,
        "x": 51
      },
      "64": {
        "rzx": 3834,
        "sx": 11907,
        "rz": 17229,
        "x": 58
      },
      "80": {
        "rzx": 5705,
        "sx": 17830,
        "rz": 25656,
        "x": 80
      }
    },
    "gate_count_crit": {},
    "layout_score": {
      "8": 47.0,
      "16": 149.0,
      "24": 358.0,
      "32": 548.0,
      "48": 1026.0,
      "64": 1651.0,
      "80": 2784.0
    }
  },
  "QAOA_Vanilla": {
    "duration": {
      "8": 170.000007104,
      "16": 928.0000071039998,
      "24": 2142.0000035519997,
      "32": 3508.000010656,
      "48": 7990.000003551999,
      "64": 13292.000003551999,
      "80": 20130.000007103994
    },
    "gate_count": {
      "8": {
        "measure": 8,
        "rzx": 184,
        "sx": 571,
        "rz": 846,
        "x": 19
      },
      "16": {
        "measure": 16,
        "rzx": 1183,
        "rz": 5296,
        "sx": 3556,
        "x": 77
      },
      "24": {
        "measure": 24,
        "rzx": 3225,
        "rz": 14399,
        "sx": 9782,
        "x": 161
      },
      "32": {
        "measure": 32,
        "rzx": 6491,
        "rz": 28921,
        "sx": 19665,
        "x": 305
      },
      "48": {
        "measure": 48,
        "rzx": 18177,
        "rz": 80763,
        "sx": 55461,
        "x": 629
      },
      "64": {
        "measure": 64,
        "rzx": 37517,
        "rz": 166246,
        "sx": 114640,
        "x": 1036
      },
      "80": {
        "measure": 80,
        "rzx": 64737,
        "rz": 286214,
        "sx": 198283,
        "x": 1560
      }
    },
    "gate_count_crit": {},
    "layout_score": {
      "8": 64.0,
      "16": 534.0,
      "24": 1564.0,
      "32": 3384.0,
      "48": 10182.0,
      "64": 20700.0,
      "80": 37450.0
    }
  },
  "QFT": {
    "duration": {
      "8": 259.99999999999994,
      "16": 803.9999999999999,
      "24": 1145.9999999999998,
      "32": 1641.9999999999998,
      "48": 2201.9999999999995,
      "64": 4057.9999999999995,
      "80": 4131.999999999999
    },
    "gate_count": {
      "8": {
        "rzx": 202,
        "rz": 927,
        "sx": 610,
        "x": 20
      },
      "16": {
        "rzx": 1033,
        "sx": 3226,
        "rz": 4800,
        "x": 51
      },
      "24": {
        "rzx": 1758,
        "rz": 8194,
        "sx": 5496,
        "x": 120
      },
      "32": {
        "rzx": 2930,
        "sx": 9241,
        "rz": 13678,
        "x": 135
      },
      "48": {
        "rzx": 4468,
        "sx": 14098,
        "rz": 20780,
        "x": 250
      },
      "64": {
        "rzx": 7454,
        "sx": 23322,
        "rz": 34329,
        "x": 343
      },
      "80": {
        "rzx": 8846,
        "sx": 27897,
        "rz": 40939,
        "x": 420
      }
    },
    "gate_count_crit": {},
    "layout_score": {
      "8": 88.0,
      "16": 585.0,
      "24": 1160.0,
      "32": 1790.0,
      "48": 3195.0,
      "64": 6240.0,
      "80": 6845.0
    }
  },
  "TIM_Hamiltonian": {
    "duration": {
      "8": 60.000003551999995,
      "16": 288.00000710399996,
      "24": 364.000010656,
      "32": 518.0000071039999,
      "48": 970.0000142079998,
      "64": 1466.0000213119997,
      "80": 1570.0000213119997
    },
    "gate_count": {
      "8": {
        "measure": 8,
        "rzx": 73,
        "sx": 204,
        "rz": 335,
        "x": 44
      },
      "16": {
        "measure": 16,
        "rzx": 390,
        "sx": 1149,
        "rz": 1768,
        "x": 88
      },
      "24": {
        "measure": 24,
        "rzx": 503,
        "rz": 2337,
        "sx": 1524,
        "x": 124
      },
      "32": {
        "measure": 32,
        "rzx": 823,
        "rz": 3764,
        "sx": 2487,
        "x": 166
      },
      "48": {
        "measure": 48,
        "rzx": 1434,
        "rz": 6516,
        "sx": 4318,
        "x": 241
      },
      "64": {
        "measure": 64,
        "rzx": 2573,
        "sx": 7729,
        "rz": 11693,
        "x": 347
      },
      "80": {
        "measure": 80,
        "rzx": 2951,
        "rz": 13448,
        "sx": 8910,
        "x": 411
      }
    },
    "gate_count_crit": {},
    "layout_score": {
      "8": 20.0,
      "16": 200.0,
      "24": 280.0,
      "32": 480.0,
      "48": 820.0,
      "64": 1570.0,
      "80": 1770.0
    }
  },
  "Quantum_Volume": {
    "duration": {
      "8": 65.99999999999999,
      "16": 125.99999999999999,
      "24": 223.99999999999997,
      "32": 221.99999999999997,
      "48": 489.99999999999994,
      "64": 977.9999999999999,
      "80": 1327.9999999999998
    },
    "gate_count": {
      "8": {
        "rzx": 84,
        "sx": 316,
        "rz": 424
      },
      "16": {
        "rzx": 267,
        "sx": 926,
        "rz": 1276
      },
      "24": {
        "rzx": 586,
        "sx": 1975,
        "rz": 2764,
        "x": 2
      },
      "32": {
        "rzx": 740,
        "rz": 3457,
        "sx": 2457,
        "x": 4
      },
      "48": {
        "rzx": 1798,
        "sx": 5774,
        "rz": 8261,
        "x": 7
      },
      "64": {
        "rzx": 3785,
        "rz": 17114,
        "sx": 11846,
        "x": 20
      },
      "80": {
        "rzx": 4875,
        "rz": 22040,
        "sx": 15303,
        "x": 27
      }
    },
    "gate_count_crit": {},
    "layout_score": {
      "8": 36.0,
      "16": 171.0,
      "24": 387.0,
      "32": 573.0,
      "48": 1200.0,
      "64": 1878.0,
      "80": 2904.0
    }
  }
}