{
  "QFT": {
    "duration": {
      "8": 123.99999999999999,
      "16": 439.99999999999994,
      "24": 585.9999999999999
    },
    "gate_count": {
      "8": {
        "riswap": 226,
        "rz": 1226,
        "sx": 811
      },
      "16": {
        "riswap": 1148,
        "rz": 5892,
        "sx": 3919,
        "x": 5
      },
      "24": {
        "riswap": 1998,
        "rz": 10717,
        "sx": 7109,
        "x": 3
      }
    },
    "gate_count_crit": {},
    "layout_score": {
      "8": 88.0,
      "16": 601.0,
      "24": 1676.0
    }
  },
  "Quantum_Volume": {
    "duration": {
      "8": 38.99999999999999,
      "16": 56.99999999999999,
      "24": 70.99999999999999
    },
    "gate_count": {
      "8": {
        "riswap": 93,
        "rz": 564,
        "sx": 374
      },
      "16": {
        "riswap": 236,
        "sx": 943,
        "rz": 1419
      },
      "24": {
        "riswap": 497,
        "rz": 2975,
        "sx": 1976
      }
    },
    "gate_count_crit": {},
    "layout_score": {
      "8": 43.0,
      "16": 150.0,
      "24": 259.0
    }
  },
  "TIM_Hamiltonian": {
    "duration": {
      "8": 30.000003551999995,
      "16": 98.00000355199998,
      "24": 168.00000355199998
    },
    "gate_count": {
      "8": {
        "measure": 8,
        "riswap": 73,
        "rz": 378,
        "sx": 234
      },
      "16": {
        "measure": 16,
        "riswap": 277,
        "rz": 1507,
        "sx": 974
      },
      "24": {
        "measure": 24,
        "riswap": 586,
        "sx": 2163,
        "rz": 3322
      }
    },
    "gate_count_crit": {},
    "layout_score": {
      "8": 20.0,
      "16": 130.0,
      "24": 320.0
    }
  },
  "QAOA_Vanilla": {
    "duration": {
      "8": 81.00000355199998,
      "16": 388.00000710399996,
      "24": 965.0000035519998
    },
    "gate_count": {
      "8": {
        "measure": 8,
        "riswap": 160,
        "rz": 876,
        "sx": 583
      },
      "16": {
        "measure": 16,
        "riswap": 1066,
        "rz": 5626,
        "sx": 3746,
        "x": 7
      },
      "24": {
        "measure": 24,
        "riswap": 2991,
        "sx": 10673,
        "rz": 16025,
        "x": 8
      }
    },
    "gate_count_crit": {},
    "layout_score": {
      "8": 64.0,
      "16": 410.0,
      "24": 1374.0
    }
  }
}