{
  "QFT": {
    "duration": {
      "8": 211.99999999999997,
      "16": 565.9999999999999,
      "24": 1191.9999999999998
    },
    "gate_count": {
      "8": {
        "cx": 203,
        "sx": 632,
        "rz": 904,
        "x": 19
      },
      "16": {
        "cx": 814,
        "rz": 3604,
        "sx": 2528,
        "x": 65
      },
      "24": {
        "cx": 2031,
        "rz": 8875,
        "sx": 6316,
        "x": 101
      }
    },
    "gate_count_crit": {},
    "layout_score": {
      "8": 88.0,
      "16": 585.0,
      "24": 1116.0
    }
  },
  "Quantum_Volume": {
    "duration": {
      "8": 71.99999999999999,
      "16": 83.99999999999999,
      "24": 113.99999999999999
    },
    "gate_count": {
      "8": {
        "cx": 102,
        "rz": 510,
        "sx": 366
      },
      "16": {
        "cx": 231,
        "rz": 1151,
        "sx": 827
      },
      "24": {
        "cx": 426,
        "rz": 2030,
        "sx": 1462
      }
    },
    "gate_count_crit": {},
    "layout_score": {
      "8": 60.0,
      "16": 198.0,
      "24": 369.0
    }
  },
  "TIM_Hamiltonian": {
    "duration": {
      "8": 60.000003551999995,
      "16": 196.000007104,
      "24": 256.00000355199995
    },
    "gate_count": {
      "8": {
        "measure": 8,
        "cx": 73,
        "rz": 328,
        "sx": 203,
        "x": 40
      },
      "16": {
        "measure": 16,
        "cx": 281,
        "rz": 1259,
        "sx": 837,
        "x": 80
      },
      "24": {
        "measure": 24,
        "cx": 421,
        "sx": 1214,
        "rz": 1827,
        "x": 122
      }
    },
    "gate_count_crit": {},
    "layout_score": {
      "8": 20.0,
      "16": 120.0,
      "24": 260.0
    }
  },
  "QAOA_Vanilla": {
    "duration": {
      "8": 186.00000355199998,
      "16": 874.0000035519998,
      "24": 1858.0000035519997
    },
    "gate_count": {
      "8": {
        "measure": 8,
        "cx": 181,
        "rz": 796,
        "sx": 556,
        "x": 18
      },
      "16": {
        "measure": 16,
        "cx": 1160,
        "sx": 3540,
        "rz": 4937,
        "x": 75
      },
      "24": {
        "measure": 24,
        "cx": 2983,
        "sx": 9003,
        "rz": 12589,
        "x": 186
      }
    },
    "gate_count_crit": {},
    "layout_score": {
      "8": 64.0,
      "16": 526.0,
      "24": 1520.0
    }
  }
}